{
  "sections": {
    "banner-v6": {
      "type": "banner-v6",
      "settings": {
        "width": "box",
        "fullwidth_margin": 0,
        "reverse": false,
        "gap": 60,
        "subtitle": "New Arrival",
        "title": "Outdoor Plants Are Here",
        "description": "Patch helps you discover the best plants for your space, delivers themto your door and helps you look after them.",
        "image": "shopify://shop_images/banner1.jpg",
        "hover": "scale_up",
        "link": "shopify://collections/all",
        "button_text": "SHOP NOW",
        "button_mode": "light",
        "button_style": "tertiary",
        "button_size": "sm",
        "button_radius": 0,
        "button_padding": 1.4,
        "color_scheme": "inverse",
        "background_type": "color",
        "background_color": "#ffffff",
        "background_gradient": "",
        "use_parallax": true,
        "background_image_animation": "none",
        "background_video_url": "",
        "background_video_animation": "none",
        "background_overlay": "",
        "background_margin": 0,
        "padding_top": 0,
        "padding_bottom": 50
      }
    },
    "collection-v1": {
      "type": "collection-v1",
      "blocks": {
        "collection_DJGtXg": {
          "type": "collection",
          "settings": {
            "image": "shopify://shop_images/collection2.1.jpg",
            "collection": "collection-title-style-03"
          }
        },
        "collection_YwyFG6": {
          "type": "collection",
          "settings": {
            "image": "shopify://shop_images/collection2.2.jpg",
            "collection": "wide-container"
          }
        },
        "collection_Tdafnj": {
          "type": "collection",
          "settings": {
            "image": "shopify://shop_images/collection2.3.jpg",
            "collection": "product-card-style-02"
          }
        }
      },
      "block_order": [
        "collection_DJGtXg",
        "collection_YwyFG6",
        "collection_Tdafnj"
      ],
      "settings": {
        "width": "box",
        "fullwidth_margin": 0,
        "subtitle": "",
        "title": "Get 20% Off",
        "columns_limit": 3,
        "gap": 40,
        "auto_play": false,
        "hover": "scale_up",
        "aspect_ratio": "1/1",
        "color_scheme": "",
        "background_type": "color",
        "background_color": "",
        "background_gradient": "",
        "use_parallax": true,
        "background_image_animation": "none",
        "background_video_url": "",
        "background_video_animation": "none",
        "background_overlay": "",
        "background_margin": 0,
        "padding_top": 50,
        "padding_bottom": 30
      }
    },
    "product-v1": {
      "type": "product-v1",
      "settings": {
        "width": "box",
        "fullwidth_margin": 0,
        "subtitle": "Best Seller Product This Week!",
        "title": "Best Seller",
        "collection": "collection-title-style-03",
        "limit": 12,
        "columns_size": 4,
        "distinct_color_scheme": false,
        "product_card_color_scheme": "",
        "color_scheme": "",
        "background_type": "color",
        "background_color": "",
        "background_gradient": "",
        "use_parallax": true,
        "background_image_animation": "none",
        "background_video_url": "",
        "background_video_animation": "none",
        "background_overlay": "",
        "background_margin": 0,
        "padding_top": 0,
        "padding_bottom": 50
      }
    },
    "banner-v5": {
      "type": "banner-v5",
      "settings": {
        "width": "box",
        "fullwidth_margin": 0,
        "hover": "scale_up",
        "gap": 30,
        "subtitle1": "NEW COLLECTION",
        "title1": "Up to 20% off plant indoor",
        "image1": "shopify://shop_images/banner8.3.jpg",
        "link1": "shopify://collections/all",
        "button1_text": "SHOP NOW",
        "button1_mode": "dark",
        "button1_style": "tertiary",
        "button1_size": "sm",
        "button1_radius": 0,
        "button1_padding": 1.4,
        "subtitle2": "WEEKLY OFFER",
        "title2": "Best Corporate Plant Gifts",
        "image2": "shopify://shop_images/banner8.4.jpg",
        "link2": "shopify://collections/all",
        "button2_text": "SHOP NOW",
        "button2_mode": "dark",
        "button2_style": "tertiary",
        "button2_size": "sm",
        "button2_radius": 0,
        "button2_padding": 1.4,
        "color_scheme": "background-1",
        "background_type": "color",
        "background_color": "#ffffff",
        "background_gradient": "",
        "use_parallax": true,
        "background_image_animation": "none",
        "background_video_url": "",
        "background_video_animation": "none",
        "background_overlay": "",
        "background_margin": 0,
        "padding_top": 50,
        "padding_bottom": 50
      }
    },
    "product-v2": {
      "type": "product-v2",
      "blocks": {
        "891b74ee-242f-4933-a599-7f97c2fa0139": {
          "type": "tab",
          "settings": {
            "tab_title": "NEW ARRIVALS",
            "tab_collection": "toggle-sidebar",
            "tab_limit": 8
          }
        },
        "eaf25326-2cd2-4c89-8430-3ca4518ed39f": {
          "type": "tab",
          "settings": {
            "tab_title": "BEST SELLERS",
            "tab_collection": "best-seller",
            "tab_limit": 8
          }
        },
        "5b873d26-9935-44ef-bb2e-404c70eb024e": {
          "type": "tab",
          "settings": {
            "tab_title": "TOP RATES",
            "tab_collection": "box-container",
            "tab_limit": 8
          }
        }
      },
      "block_order": [
        "891b74ee-242f-4933-a599-7f97c2fa0139",
        "eaf25326-2cd2-4c89-8430-3ca4518ed39f",
        "5b873d26-9935-44ef-bb2e-404c70eb024e"
      ],
      "settings": {
        "width": "box",
        "fullwidth_margin": 0,
        "heading_title": "Our Best Seller",
        "heading_align": "center",
        "columns_size": 4,
        "distinct_color_scheme": false,
        "product_card_color_scheme": "",
        "button_text": "",
        "button_link": "shopify://collections/all",
        "button_mode": "light",
        "button_style": "primary",
        "button_size": "sm",
        "button_radius": 0.8,
        "button_padding": 1.4,
        "color_scheme": "",
        "background_type": "color",
        "background_color": "",
        "background_gradient": "",
        "use_parallax": true,
        "background_image_animation": "none",
        "background_video_url": "",
        "background_video_animation": "none",
        "background_overlay": "",
        "background_margin": 0,
        "padding_top": 50,
        "padding_bottom": 50
      }
    },
    "testimonial-v2": {
      "type": "testimonial-v2",
      "blocks": {
        "review_jQe3nM": {
          "type": "review",
          "settings": {
            "icon_image": "shopify://shop_images/double-quotes_1.png",
            "testimonial": "Saved our business! We have no regrets! Thanks for the great service. Florasy is worth much more than I paid Saved our business! We have no regrets! Thanks for the great service. Florasy is worth much more!",
            "name_customer": "TONY",
            "position": "Marketing Personal"
          }
        },
        "review_jQe3nN": {
          "type": "review",
          "settings": {
            "icon_image": "shopify://shop_images/double-quotes_1.png",
            "testimonial": "Saved our business! We have no regrets! Thanks for the great service. Florasy is worth much more than I paid Saved our business! We have no regrets! Thanks for the great service. Florasy is worth much more!",
            "name_customer": "ANTHONY",
            "position": "Marketing Personal"
          }
        }
      },
      "block_order": [
        "review_jQe3nM",
        "review_jQe3nN"
      ],
      "settings": {
        "width": "box",
        "fullwidth_margin": 0,
        "reverse": false,
        "auto_play": true,
        "columns_limit": 3,
        "limit": 6,
        "gap": 30,
        "access_token": "",
        "open_mode": "newtab",
        "icon_image": "<svg xmlns=\"http://www.w3.org/2000/svg\" viewbox=\"0 0 448 512\"><path d=\"M224.1 141c-63.6 0-114.9 51.3-114.9 114.9s51.3 114.9 114.9 114.9S339 319.5 339 255.9 287.7 141 224.1 141zm0 189.6c-41.1 0-74.7-33.5-74.7-74.7s33.5-74.7 74.7-74.7 74.7 33.5 74.7 74.7-33.6 74.7-74.7 74.7zm146.4-194.3c0 14.9-12 26.8-26.8 26.8-14.9 0-26.8-12-26.8-26.8s12-26.8 26.8-26.8 26.8 12 26.8 26.8zm76.1 27.2c-1.7-35.9-9.9-67.7-36.2-93.9-26.2-26.2-58-34.4-93.9-36.2-37-2.1-147.9-2.1-184.9 0-35.8 1.7-67.6 9.9-93.9 36.1s-34.4 58-36.2 93.9c-2.1 37-2.1 147.9 0 184.9 1.7 35.9 9.9 67.7 36.2 93.9s58 34.4 93.9 36.2c37 2.1 147.9 2.1 184.9 0 35.9-1.7 67.7-9.9 93.9-36.2 26.2-26.2 34.4-58 36.2-93.9 2.1-37 2.1-147.8 0-184.8zM398.8 388c-7.8 19.6-22.9 34.7-42.6 42.6-29.5 11.7-99.5 9-132.1 9s-102.7 2.6-132.1-9c-19.6-7.8-34.7-22.9-42.6-42.6-11.7-29.5-9-99.5-9-132.1s-2.6-102.7 9-132.1c7.8-19.6 22.9-34.7 42.6-42.6 29.5-11.7 99.5-9 132.1-9s102.7-2.6 132.1 9c19.6 7.8 34.7 22.9 42.6 42.6 11.7 29.5 9 99.5 9 132.1s2.7 102.7-9 132.1z\"></path></svg>",
        "color_scheme": "",
        "background_type": "color",
        "background_color": "",
        "background_gradient": "",
        "use_parallax": true,
        "background_image_animation": "none",
        "background_video_url": "",
        "background_video_animation": "none",
        "background_overlay": "",
        "background_margin": 0,
        "padding_top": 50,
        "padding_bottom": 50
      }
    },
    "newsletter_v4": {
      "type": "newsletter-v3",
      "settings": {
        "padding_top":0,
        "padding_bottom":0,
        "svg": "<svg xmlns=\"http:\/\/www.w3.org\/2000\/svg\" style=\"fill:#fff\" id=\"Capa_1\" enable-background=\"new 0 0 512 512\" height=\"512\" viewbox=\"0 0 512 512\" width=\"512\" class=\"mdl-js\"><path d=\"m512 203.06v-.045c0-.427-.024-.85-.059-1.271-.01-.115-.025-.229-.037-.344-.036-.33-.082-.657-.139-.981-.021-.122-.042-.244-.066-.365-.08-.395-.171-.787-.282-1.172-.011-.038-.02-.077-.031-.115-.117-.394-.253-.781-.401-1.163-.056-.146-.118-.289-.179-.434-.109-.258-.226-.513-.35-.764-.072-.146-.141-.293-.217-.437-.187-.351-.386-.695-.6-1.031-.08-.125-.168-.245-.252-.368-.167-.245-.34-.485-.521-.719-.097-.125-.194-.249-.295-.372-.263-.319-.535-.631-.825-.928-.023-.023-.045-.047-.068-.07-.31-.315-.64-.612-.979-.9-.042-.036-.078-.076-.121-.111l-25.578-21.225v-65.229c0-19.299-15.701-35-35-35h-85.776l-69.1-57.345c-20.354-16.888-49.896-16.888-70.248 0l-69.1 57.344h-85.776c-19.299 0-35 15.701-35 35v65.229l-25.579 21.228c-.042.035-.079.075-.121.111-.339.288-.669.585-.979.9-.023.023-.045.047-.068.07-.289.297-.562.609-.825.928-.101.122-.198.247-.295.372-.181.235-.354.475-.521.719-.084.123-.172.243-.252.368-.214.335-.413.679-.6 1.031-.077.144-.146.291-.217.437-.124.251-.24.506-.35.764-.061.144-.123.288-.179.434-.148.382-.285.768-.401 1.163-.011.038-.02.076-.031.115-.111.385-.202.777-.282 1.172-.024.122-.045.243-.066.365-.057.324-.103.651-.139.981-.012.115-.027.229-.037.344-.034.419-.058.842-.058 1.269v.045.008 253.927c0 15.718 6.638 29.906 17.246 39.939.301.301.603.599.925.87 9.757 8.814 22.676 14.19 36.829 14.19h402c14.154 0 27.074-5.377 36.832-14.193.319-.27.619-.565.918-.864 10.61-10.033 17.25-24.223 17.25-39.943v-253.926c0-.002 0-.005 0-.008zm-446-103.045h380c2.757 0 5 2.243 5 5v116.682l-8.488 7.044-170.546 141.533c-9.251 7.677-22.681 7.676-31.932 0l-170.546-141.532-8.488-7.045v-116.682c0-2.757 2.243-5 5-5zm-36 356.98v-222.04l6.452 5.355c.004.003.008.007.012.01l146.469 121.551-151.397 103.752c-.993-2.69-1.536-5.597-1.536-8.628zm176.937-75.204 13.939 11.568c20.352 16.89 49.896 16.889 70.248 0l13.939-11.568 146.22 100.204h-390.567zm122.13-19.919 146.468-121.552c.004-.003.008-.007.012-.01l6.452-5.355v222.04c0 3.031-.543 5.938-1.536 8.628zm-89.033-326.114c9.251-7.677 22.681-7.677 31.932 0l41.281 34.258h-114.494z\"><\/path><path d=\"m131.5 164.995c0 8.284 6.716 15 15 15h142c8.284 0 15-6.716 15-15s-6.716-15-15-15h-142c-8.284 0-15 6.716-15 15z\"><\/path><path d=\"m146.5 239.995h219c6.988 0 12.843-4.786 14.509-11.254.309-1.2.491-2.45.491-3.746 0-8.284-6.716-15-15-15h-219c-8.284 0-15 6.716-15 15 0 1.296.182 2.547.491 3.746 1.666 6.469 7.521 11.254 14.509 11.254z\"><\/path><\/svg>"
      }
    }
  },
  "order": [
    "banner-v6",
    "collection-v1",
    "product-v1",
    "banner-v5",
    "product-v2",
    "testimonial-v2",
    "newsletter_v4"
  ]
  
}