{
  "sections": {
    "breadcrumb-v2": {
      "type": "breadcrumb-v2",
      "settings": {
        "color_scheme": "inverse",
        "background_type": "color",
        "background_color": "#f3f3f3",
        "background_gradient": "",
        "background_image_desktop": "shopify://shop_images/bg_page.jpg",
        "background_image_mobile": "shopify://shop_images/bg_page.jpg",
        "use_parallax": false,
        "background_image_animation": "none",
        "background_video_url": "",
        "background_video_animation": "none",
        "background_overlay": "",
        "background_margin": 0,
        "padding_top": 110,
        "padding_bottom": 110
      }
    },
    "about_v1_NQgk6N": {
      "type": "about-v1",
      "settings": {
        "width": "box",
        "fullwidth_margin": 0,
        "reverse": false,
        "gap": 30,
        "title": "Our Story",
        "subtitle": "THE HIGH STRESS FAVOUTIRE",
        "description": "Praesent metus tellus, elementum eu, semper a, adipiscing nec, purus. Vestibulum volutpat pretium libero. In ut quam vitae odio lacinia tincidunt. Etiam ut purus mattis mauris sodales aliquam. Aenean massa.   In dui magna, posuere eget, vestibulum et, tempor auctor, justo. Vivamus consectetuer hendrerit lacus. In hac habitasse platea dictumst. Ut tincidunt tincidunt erat. Lorem ipsum dolor sit amet, consectetuer adipiscing elit.",
        "image": "shopify://shop_images/about1.1.jpg",
        "hover": "scale_down",
        "color_scheme": "background-1",
        "background_type": "color",
        "background_color": "",
        "background_gradient": "",
        "use_parallax": true,
        "background_image_animation": "none",
        "background_video_url": "",
        "background_video_animation": "none",
        "background_overlay": "",
        "background_margin": 0,
        "padding_top": 50,
        "padding_bottom": 0
      }
    },
    "about_v2_HkK8f8": {
      "type": "about-v1",
      "settings": {
        "width": "box",
        "fullwidth_margin": 0,
        "reverse": true,
        "gap": 30,
        "title": "Who We Are ?",
        "subtitle": "THE HIGH STRESS FAVOUTIRE",
        "description": "Praesent metus tellus, elementum eu, semper a, adipiscing nec, purus. Vestibulum volutpat pretium libero. In ut quam vitae odio lacinia tincidunt. Etiam ut purus mattis mauris sodales aliquam. Aenean massa.   In dui magna, posuere eget, vestibulum et, tempor auctor, justo. Vivamus consectetuer hendrerit lacus. In hac habitasse platea dictumst. Ut tincidunt tincidunt erat. Lorem ipsum dolor sit amet, consectetuer adipiscing elit.",
        "image": "shopify://shop_images/about1.2.jpg",
        "hover": "scale_down",
        "color_scheme": "",
        "background_type": "color",
        "background_color": "",
        "background_gradient": "",
        "use_parallax": true,
        "background_image_animation": "none",
        "background_video_url": "",
        "background_video_animation": "none",
        "background_overlay": "",
        "background_margin": 0,
        "padding_top": 70,
        "padding_bottom": 70
      }
    },
    "about_v3_7CREBy": {
      "type": "about-v2",
      "blocks": {
        "about_box_GzKH4A": {
          "type": "about",
          "settings": {
            "svg": "<svg xmlns=\"http://www.w3.org/2000/svg\" id=\"Capa_1\" x=\"0px\" y=\"0px\" viewbox=\"0 0 431.184 431.184\" style=\"enable-background:new 0 0 431.184 431.184;\" xmlns:xlink=\"http://www.w3.org/1999/xlink\" xml:space=\"preserve\"> <g> <g> <path d=\"M383.592,0c-17.648,0-32,14.352-32,32c-17.648,0-32,14.352-32,32c-17.648,0-32,14.352-32,32c-17.648,0-32,14.352-32,32    c0,5.92,1.72,11.392,4.536,16.152l-10.712,10.712c-7.08-11.28-19.544-18.864-33.824-18.864c-14.28,0-26.744,7.584-33.824,18.872    l-10.712-10.712c2.816-4.768,4.536-10.24,4.536-16.16c0-17.648-14.352-32-32-32c0-17.648-14.352-32-32-32    c0-17.648-14.352-32-32-32c0-17.648-14.352-32-32-32s-32,14.352-32,32s14.352,32,32,32c0,17.648,14.352,32,32,32    c0,17.648,14.352,32,32,32c0,17.648,14.352,32,32,32c5.92,0,11.392-1.72,16.152-4.536l16.28,16.28    c-0.152,1.416-0.432,2.8-0.432,4.256c0,19.312,13.768,35.472,32,39.192v19.28v8.8l-73.856,40.624    c-1.608,0.888-2.84,2.224-3.664,3.784c-1.576,1.68-2.48,3.896-2.48,6.272v84.12c0,2.376,0.904,4.592,2.48,6.272    c0.824,1.56,2.056,2.896,3.664,3.784l76.256,41.944c1.368,0.744,2.88,1.112,4.4,1.112c0.408,0,0.808-0.104,1.216-0.16    c0.392,0.048,0.784,0.16,1.184,0.16c1.52,0,3.056-0.368,4.44-1.128l76.224-41.92c1.608-0.888,2.84-2.224,3.664-3.784    c1.576-1.68,2.48-3.896,2.48-6.272v-84.136c0-2.376-0.904-4.592-2.48-6.272c-0.824-1.56-2.056-2.896-3.672-3.784l-73.856-40.616    v-8.8v-19.28c18.232-3.72,32-19.872,32-39.192c0-1.456-0.28-2.84-0.432-4.256l16.28-16.28c4.76,2.816,10.232,4.536,16.152,4.536    c17.648,0,32-14.352,32-32c17.648,0,32-14.352,32-32c17.648,0,32-14.352,32-32c17.648,0,32-14.352,32-32S401.24,0,383.592,0z     M62.256,37.224c-3.8,2.456-7.016,5.672-9.448,9.448c-0.136,0.216-0.336,0.384-0.472,0.6C50.8,47.76,49.216,48,47.592,48    c-8.824,0-16-7.176-16-16s7.176-16,16-16s16,7.176,16,16c0,1.624-0.24,3.208-0.728,4.744C62.64,36.88,62.472,37.088,62.256,37.224    z M94.256,69.224c-3.8,2.456-7.016,5.672-9.448,9.448c-0.136,0.216-0.336,0.384-0.472,0.6C82.8,79.76,81.216,80,79.592,80    c-8.824,0-16-7.176-16-16c0-2.408,0.536-4.728,1.624-6.968c1.536-3.232,4.168-5.864,7.48-7.44l0.024-0.008    C74.872,48.536,77.184,48,79.592,48c8.824,0,16,7.176,16,16c0,1.624-0.24,3.208-0.728,4.744    C94.64,68.88,94.472,69.088,94.256,69.224z M126.256,101.224c-3.8,2.456-7.016,5.672-9.448,9.448    c-0.136,0.216-0.336,0.384-0.472,0.6c-1.536,0.488-3.12,0.728-4.744,0.728c-8.824,0-16-7.176-16-16    c0-2.408,0.536-4.728,1.624-6.968c1.536-3.232,4.168-5.864,7.48-7.44l0.024-0.008c2.152-1.048,4.464-1.584,6.872-1.584    c8.824,0,16,7.176,16,16c0,1.624-0.24,3.208-0.728,4.744C126.64,100.88,126.472,101.088,126.256,101.224z M143.592,144    c-8.824,0-16-7.176-16-16c0-2.408,0.536-4.728,1.624-6.968c1.536-3.232,4.168-5.864,7.48-7.44l0.024-0.008    c2.152-1.048,4.464-1.584,6.872-1.584c8.824,0,16,7.176,16,16C159.592,136.824,152.416,144,143.592,144z M207.592,261.528v21.936    l-32.352,19.408l-22.44-11.216L207.592,261.528z M143.592,304.944l24,12v38.112l-24,12V304.944z M207.592,410.472L152.8,380.336    l22.44-11.216l32.352,19.408V410.472z M215.592,374.664l-32-19.2v-38.936l32-19.2l32,19.2v38.936L215.592,374.664z     M223.592,410.472v-21.944l32.352-19.408l22.44,11.216L223.592,410.472z M287.592,367.056l-24-12v-38.112l24-12V367.056z     M278.384,291.664l-22.44,11.216l-32.352-19.408v-21.936L278.384,291.664z M215.592,200c-13.232,0-24-10.768-24-24    s10.768-24,24-24s24,10.768,24,24S228.824,200,215.592,200z M287.592,144c-8.824,0-16-7.176-16-16c0-8.824,7.176-16,16-16    c2.416,0,4.728,0.536,6.96,1.624c3.24,1.536,5.872,4.168,7.448,7.48c1.056,2.168,1.592,4.488,1.592,6.896    C303.592,136.824,296.416,144,287.592,144z M319.592,112c-1.624,0-3.208-0.24-4.744-0.728c-0.136-0.224-0.344-0.4-0.488-0.616    c-2.456-3.8-5.672-7.008-9.448-9.44c-0.216-0.136-0.376-0.336-0.6-0.472c-0.48-1.536-0.72-3.12-0.72-4.744c0-8.824,7.176-16,16-16    c2.416,0,4.728,0.536,6.96,1.624c3.24,1.536,5.872,4.168,7.448,7.48c1.056,2.168,1.592,4.488,1.592,6.896    C335.592,104.824,328.416,112,319.592,112z M351.592,80c-1.624,0-3.208-0.24-4.744-0.728c-0.136-0.224-0.344-0.4-0.488-0.616    c-2.456-3.8-5.672-7.008-9.448-9.44c-0.216-0.136-0.376-0.336-0.6-0.472c-0.48-1.536-0.72-3.12-0.72-4.744c0-8.824,7.176-16,16-16    c2.416,0,4.728,0.536,6.96,1.624c3.24,1.536,5.872,4.168,7.448,7.48c1.056,2.168,1.592,4.488,1.592,6.896    C367.592,72.824,360.416,80,351.592,80z M383.592,48c-1.624,0-3.208-0.24-4.744-0.728c-0.136-0.224-0.344-0.4-0.488-0.616    c-2.456-3.8-5.672-7.008-9.448-9.44c-0.216-0.136-0.376-0.336-0.6-0.472c-0.48-1.536-0.72-3.12-0.72-4.744c0-8.824,7.176-16,16-16    c8.824,0,16,7.176,16,16S392.416,48,383.592,48z\"></path> </g> </g> <g> <g> <rect x=\"335.592\" y=\"280\" width=\"24\" height=\"16\"></rect> </g> </g> <g> <g> <rect x=\"295.592\" y=\"232\" width=\"16\" height=\"24\"></rect> </g> </g> <g> <g> <rect x=\"322.624\" y=\"244.007\" transform=\"matrix(0.7071 -0.7071 0.7071 0.7071 -78.7304 313.9414)\" width=\"33.944\" height=\"16\"></rect> </g> </g> <g> </g> <g> </g> <g> </g> <g> </g> <g> </g> <g> </g> <g> </g> <g> </g> <g> </g> <g> </g> <g> </g> <g> </g> <g> </g> <g> </g> <g> </g> </svg>",
            "title": "Design",
            "subtitle": "Praesent metus tellus, elementum eu, semper Vestibulum volutpat pretium libero"
          }
        },
        "about_box_H4WGVe": {
          "type": "about",
          "settings": {
            "svg": "<svg xmlns=\"http://www.w3.org/2000/svg\" height=\"512\" viewbox=\"0 0 60 60\" width=\"512\"><path id=\"Shape\" d=\"m2 21c-.5581336-.1826512-1.17153979-.0251377-1.57262009.4038252-.4010803.4289629-.51707441 1.0515567-.29737991 1.5961748 3.19 7.11 8.81 15 15.67 20.09-4.1415534.4046105-8.17615492 1.5529983-11.91 3.39-.53168872.3125679-.85818369.8832411-.85818369 1.5s.32649497 1.1874321.85818369 1.5c4.91015017 2.4886229 10.3810366 3.6634165 15.88 3.41-.8237638 1.6903087-1.4189855 3.4826995-1.77 5.33-.0881589.5304869.1086561 1.0683092.5183984 1.4165902.4097422.3482809.9722468.4558802 1.4816016.2834098 3.6020232-1.0223748 6.7657495-3.205346 9-6.21v5.29c0 .5522847.4477153 1 1 1s1-.4477153 1-1v-5.29c2.2405168 2.9981541 5.4018295 5.1794599 9 6.21.5093548.1724704 1.0718594.0648711 1.4816016-.2834098.4097423-.348281.6065573-.8861033.5183984-1.4165902-.3448733-1.8321711-.9299195-3.610846-1.74-5.29 5.4987361.2506795 10.9689334-.9239662 15.88-3.41.5316887-.3125679.8581837-.8832411.8581837-1.5s-.326495-1.1874321-.8581837-1.5c-3.7404716-1.8543178-7.7856602-3.0163778-11.94-3.43 6.8-4.98 12.42-12.83 15.67-20.09.2196945-.5446181.1037004-1.1672119-.2973799-1.5961748s-1.0144865-.5864764-1.5726201-.4038252c-7.43 2.39-15.9 7.14-21.65 13.37 1.8-11-.68-23.63-5-33.46-.2345216-.54844082-.7735206-.90416726-1.37-.90416726s-1.1354784.35572644-1.37.90416726c-4.25 9.64-6.85 22.32-5 33.46-5.61-6.15-14.06-10.94-21.61-13.37zm3.35 27c7.25-3.35 16.53-4.6 23.06 0-6.52 4.63-15.87 3.32-23.06 0zm14.82 9.76c.4012316-1.8051223 1.0756662-3.5384194 2-5.14 2.2128602-.3893151 4.3391264-1.1680432 6.28-2.3-1.23 3.68-4.63 6.09-8.28 7.44zm19.66 0c-3.64-1.34-7-3.75-8.33-7.44 1.9400564 1.1336938 4.0666419 1.9125388 6.28 2.3.9417559 1.5986184 1.633105 3.3320499 2.05 5.14zm-8.24-9.76c6.52-4.63 15.87-3.32 23.06 0-7.25 3.35-16.53 4.6-23.06 0zm26-24.74c-3.72 7.62-9.59 15.29-16.88 19.74-2.6244994.1130394-5.2035989.7238787-7.6 1.8.9836974-1.9954645 1.7707447-4.0819771 2.35-6.23 5.27-7.13 13.92-12.42 22.09-15.31zm-27.59-20.47c5.47 13.21 7.76 31.37 0 43.48-7.76-12.12-5.46-30.27 0-43.48zm-3.11 42.05c-2.3964011-1.0761213-4.9755006-1.6869606-7.6-1.8-7.29-4.49-13.17-12.18-16.84-19.78 8.19 2.9 16.83 8.19 22.09 15.35.5792553 2.1480229 1.3663026 4.2345355 2.35 6.23z\"></path></svg>",
            "title": "Inovation",
            "subtitle": "Praesent metus tellus, elementum eu, semper Vestibulum volutpat pretium libero"
          }
        },
        "about_box_AgU79T": {
          "type": "about",
          "settings": {
            "svg": "<svg xmlns=\"http://www.w3.org/2000/svg\" id=\"Layer_1\" height=\"512\" viewbox=\"0 0 512 512\" width=\"512\"><g><path d=\"m504.5 234.44h-102.965c-1.122-21.653-7.086-42.898-17.417-61.866-1.981-3.638-6.536-4.98-10.174-2.999s-4.98 6.536-2.999 10.174c9.136 16.774 14.461 35.541 15.567 54.691h-53.251c-3.784-39.276-36.975-70.086-77.226-70.086s-73.442 30.81-77.226 70.086h-53.255c3.907-68.441 60.938-122.925 130.481-122.925 37.336 0 72.976 15.995 97.781 43.883 2.753 3.094 7.493 3.373 10.588.62s3.373-7.494.62-10.588c-27.649-31.086-67.374-48.915-108.989-48.915-77.816 0-141.579 61.209-145.503 137.925h-103.032c-4.142 0-7.5 3.358-7.5 7.5v242.009h.071c0 4.142 3.358 7.5 7.5 7.5h59.991c4.142 0 7.5-3.358 7.5-7.5s-3.358-7.5-7.5-7.5h-52.562v-227.009h187.688l-46.874 227.009h-53.855c-4.142 0-7.5 3.358-7.5 7.5s3.358 7.5 7.5 7.5h402.541c4.142 0 7.5-3.358 7.5-7.5v-242.009c0-4.142-3.358-7.5-7.5-7.5zm-310.604 0c3.717-30.987 30.167-55.086 62.139-55.086s58.422 24.099 62.139 55.086zm69.639 242.009v-22.435c0-4.142-3.358-7.5-7.5-7.5s-7.5 3.358-7.5 7.5v22.435h-77.405l46.874-227.009h75.991l46.874 227.009zm233.465 0h-140.814l-46.874-227.009h187.688z\"></path><path d=\"m256.035 387.314c-4.142 0-7.5 3.358-7.5 7.5v24.936c0 4.142 3.358 7.5 7.5 7.5s7.5-3.358 7.5-7.5v-24.936c0-4.142-3.358-7.5-7.5-7.5z\"></path><path d=\"m256.035 327.662c-4.142 0-7.5 3.358-7.5 7.5v24.935c0 4.142 3.358 7.5 7.5 7.5s7.5-3.358 7.5-7.5v-24.935c0-4.142-3.358-7.5-7.5-7.5z\"></path><path d=\"m256.035 268.351c-4.142 0-7.5 3.358-7.5 7.5v24.935c0 4.142 3.358 7.5 7.5 7.5s7.5-3.358 7.5-7.5v-24.935c0-4.142-3.358-7.5-7.5-7.5z\"></path><path d=\"m74.429 426.542h-21.112c-4.142 0-7.5 3.358-7.5 7.5s3.358 7.5 7.5 7.5h21.112c4.142 0 7.5-3.358 7.5-7.5s-3.358-7.5-7.5-7.5z\"></path><path d=\"m105.81 423.109c0 4.142 3.358 7.5 7.5 7.5h21.113c4.142 0 7.5-3.358 7.5-7.5s-3.358-7.5-7.5-7.5h-21.113c-4.143 0-7.5 3.358-7.5 7.5z\"></path><path d=\"m443.109 307.169h21.113c4.142 0 7.5-3.358 7.5-7.5s-3.358-7.5-7.5-7.5h-21.113c-4.142 0-7.5 3.358-7.5 7.5s3.358 7.5 7.5 7.5z\"></path><path d=\"m373.118 288.215h21.112c4.142 0 7.5-3.358 7.5-7.5s-3.358-7.5-7.5-7.5h-21.112c-4.142 0-7.5 3.358-7.5 7.5s3.358 7.5 7.5 7.5z\"></path><path d=\"m356.12 333.139h21.113c4.142 0 7.5-3.358 7.5-7.5s-3.358-7.5-7.5-7.5h-21.113c-4.142 0-7.5 3.358-7.5 7.5s3.358 7.5 7.5 7.5z\"></path><path d=\"m256.035 76.583c4.142 0 7.5-3.358 7.5-7.5v-41.032c0-4.142-3.358-7.5-7.5-7.5s-7.5 3.358-7.5 7.5v41.032c0 4.142 3.358 7.5 7.5 7.5z\"></path><path d=\"m43.694 215.042h41.112c4.142 0 7.5-3.358 7.5-7.5s-3.358-7.5-7.5-7.5h-41.112c-4.142 0-7.5 3.358-7.5 7.5s3.358 7.5 7.5 7.5z\"></path><path d=\"m417.936 207.542c0 4.142 3.358 7.5 7.5 7.5h41.112c4.142 0 7.5-3.358 7.5-7.5s-3.358-7.5-7.5-7.5h-41.112c-4.143 0-7.5 3.358-7.5 7.5z\"></path><path d=\"m138.307 115.312c1.464 1.461 3.381 2.191 5.298 2.191 1.922 0 3.844-.734 5.309-2.202 2.926-2.932 2.921-7.681-.01-10.607l-30.296-30.237c-2.933-2.926-7.682-2.921-10.607.01-2.926 2.932-2.921 7.681.01 10.607z\"></path><path d=\"m368.395 117.503c1.917 0 3.834-.73 5.298-2.191l30.491-30.432c2.932-2.926 2.936-7.675.01-10.607-2.927-2.932-7.675-2.936-10.607-.01l-30.491 30.432c-2.932 2.926-2.936 7.675-.01 10.607 1.465 1.467 3.387 2.201 5.309 2.201z\"></path><path d=\"m81.738 151.059 18.739 10.798c1.18.68 2.467 1.003 3.738 1.003 2.594 0 5.117-1.348 6.505-3.757 2.068-3.589.835-8.175-2.754-10.243l-18.739-10.798c-3.589-2.067-8.175-.835-10.243 2.754-2.067 3.589-.835 8.175 2.754 10.243z\"></path><path d=\"m401.28 159.103c1.389 2.409 3.911 3.757 6.505 3.757 1.271 0 2.558-.323 3.738-1.003l18.739-10.798c3.589-2.068 4.822-6.654 2.754-10.243s-6.654-4.82-10.243-2.754l-18.739 10.798c-3.589 2.068-4.822 6.654-2.754 10.243z\"></path><path d=\"m189.36 83.762c1.11 3.044 3.984 4.933 7.046 4.933.853 0 1.721-.146 2.569-.456 3.892-1.419 5.896-5.724 4.477-9.615l-7.4-20.293c-1.419-3.892-5.723-5.896-9.615-4.477s-5.896 5.724-4.477 9.615z\"></path><path d=\"m313.096 88.239c.848.31 1.715.456 2.569.456 3.062 0 5.937-1.889 7.047-4.933l7.4-20.293c1.419-3.892-.585-8.196-4.477-9.615-3.89-1.42-8.197.584-9.616 4.477l-7.399 20.293c-1.42 3.891.584 8.196 4.476 9.615z\"></path><path d=\"m98.736 398.129v-16.5h21.137c2.401 0 4.657-1.15 6.068-3.093s1.807-4.444 1.064-6.727l-28.637-88.04c-1.005-3.089-3.884-5.18-7.132-5.18s-6.127 2.091-7.132 5.18l-28.637 88.04c-.743 2.283-.347 4.784 1.064 6.727s3.667 3.093 6.068 3.093h21.137v16.5c0 4.142 3.358 7.5 7.5 7.5s7.5-3.358 7.5-7.5zm-25.811-31.501 18.311-56.293 18.311 56.293z\"></path><path d=\"m140.31 288.609h21.113c4.142 0 7.5-3.358 7.5-7.5s-3.358-7.5-7.5-7.5h-21.113c-4.142 0-7.5 3.358-7.5 7.5s3.357 7.5 7.5 7.5z\"></path><path d=\"m383.324 420.792c1.411 1.941 3.666 3.09 6.066 3.09h21.137v16.266c0 4.142 3.358 7.5 7.5 7.5s7.5-3.358 7.5-7.5v-16.266h21.137c2.4 0 4.655-1.149 6.066-3.09 1.412-1.941 1.808-4.441 1.067-6.724l-28.637-88.274c-1.003-3.092-3.883-5.186-7.134-5.186s-6.131 2.094-7.134 5.186l-28.637 88.274c-.739 2.283-.342 4.783 1.069 6.724zm34.704-68.379 18.319 56.469h-36.639z\"></path></g></svg>",
            "title": "Journey",
            "subtitle": "Praesent metus tellus, elementum eu, semper Vestibulum volutpat pretium libero"
          }
        }
      },
      "block_order": [
        "about_box_GzKH4A",
        "about_box_H4WGVe",
        "about_box_AgU79T"
      ],
      "settings": {
        "width": "box",
        "fullwidth_margin": 0,
        "columns_limit": 3,
        "gap": 30,
        "auto_play": false,
        "color_scheme": "inverse",
        "background_type": "image",
        "background_color": "",
        "background_gradient": "",
        "background_image_desktop": "shopify://shop_images/about1.3.jpg",
        "background_image_mobile": "shopify://shop_images/about1.3.jpg",
        "use_parallax": true,
        "background_image_animation": "none",
        "background_video_url": "",
        "background_video_animation": "none",
        "background_overlay": "",
        "background_margin": 0,
        "padding_top": 180,
        "padding_bottom": 180
      }
    },
    "about_v4_ptE6KU": {
      "type": "our-team-v1",
      "blocks": {
        "71cee2c3-d420-46da-bb4e-b3a85e067a07": {
          "type": "member",
          "settings": {
            "image": "shopify://shop_images/avatar_01.jpg",
            "name": "Ferguson",
            "position": "Designer",
            "social_icon1": "<svg xmlns=\"http://www.w3.org/2000/svg\" viewbox=\"0 0 320 512\"><path d=\"M80 299.3V512H196V299.3h86.5l18-97.8H196V166.9c0-51.7 20.3-71.5 72.7-71.5c16.3 0 29.4 .4 37 1.2V7.9C291.4 4 256.4 0 236.2 0C129.3 0 80 50.5 80 159.4v42.1H14v97.8H80z\"></path></svg>",
            "social_link1": "shopify://collections/all",
            "social_icon2": "<svg xmlns=\"http://www.w3.org/2000/svg\" viewbox=\"0 0 512 512\"><path d=\"M459.4 151.7c.3 4.5 .3 9.1 .3 13.6 0 138.7-105.6 298.6-298.6 298.6-59.5 0-114.7-17.2-161.1-47.1 8.4 1 16.6 1.3 25.3 1.3 49.1 0 94.2-16.6 130.3-44.8-46.1-1-84.8-31.2-98.1-72.8 6.5 1 13 1.6 19.8 1.6 9.4 0 18.8-1.3 27.6-3.6-48.1-9.7-84.1-52-84.1-103v-1.3c14 7.8 30.2 12.7 47.4 13.3-28.3-18.8-46.8-51-46.8-87.4 0-19.5 5.2-37.4 14.3-53 51.7 63.7 129.3 105.3 216.4 109.8-1.6-7.8-2.6-15.9-2.6-24 0-57.8 46.8-104.9 104.9-104.9 30.2 0 57.5 12.7 76.7 33.1 23.7-4.5 46.5-13.3 66.6-25.3-7.8 24.4-24.4 44.8-46.1 57.8 21.1-2.3 41.6-8.1 60.4-16.2-14.3 20.8-32.2 39.3-52.6 54.3z\"></path></svg>",
            "social_link2": "",
            "social_icon3": "<svg xmlns=\"http://www.w3.org/2000/svg\" viewbox=\"0 0 448 512\"><path d=\"M224.1 141c-63.6 0-114.9 51.3-114.9 114.9s51.3 114.9 114.9 114.9S339 319.5 339 255.9 287.7 141 224.1 141zm0 189.6c-41.1 0-74.7-33.5-74.7-74.7s33.5-74.7 74.7-74.7 74.7 33.5 74.7 74.7-33.6 74.7-74.7 74.7zm146.4-194.3c0 14.9-12 26.8-26.8 26.8-14.9 0-26.8-12-26.8-26.8s12-26.8 26.8-26.8 26.8 12 26.8 26.8zm76.1 27.2c-1.7-35.9-9.9-67.7-36.2-93.9-26.2-26.2-58-34.4-93.9-36.2-37-2.1-147.9-2.1-184.9 0-35.8 1.7-67.6 9.9-93.9 36.1s-34.4 58-36.2 93.9c-2.1 37-2.1 147.9 0 184.9 1.7 35.9 9.9 67.7 36.2 93.9s58 34.4 93.9 36.2c37 2.1 147.9 2.1 184.9 0 35.9-1.7 67.7-9.9 93.9-36.2 26.2-26.2 34.4-58 36.2-93.9 2.1-37 2.1-147.8 0-184.8zM398.8 388c-7.8 19.6-22.9 34.7-42.6 42.6-29.5 11.7-99.5 9-132.1 9s-102.7 2.6-132.1-9c-19.6-7.8-34.7-22.9-42.6-42.6-11.7-29.5-9-99.5-9-132.1s-2.6-102.7 9-132.1c7.8-19.6 22.9-34.7 42.6-42.6 29.5-11.7 99.5-9 132.1-9s102.7-2.6 132.1 9c19.6 7.8 34.7 22.9 42.6 42.6 11.7 29.5 9 99.5 9 132.1s2.7 102.7-9 132.1z\"></path></svg>",
            "social_link3": "",
            "social_icon4": "<svg xmlns=\"http://www.w3.org/2000/svg\" viewbox=\"0 0 496 512\"><path d=\"M496 256c0 137-111 248-248 248-25.6 0-50.2-3.9-73.4-11.1 10.1-16.5 25.2-43.5 30.8-65 3-11.6 15.4-59 15.4-59 8.1 15.4 31.7 28.5 56.8 28.5 74.8 0 128.7-68.8 128.7-154.3 0-81.9-66.9-143.2-152.9-143.2-107 0-163.9 71.8-163.9 150.1 0 36.4 19.4 81.7 50.3 96.1 4.7 2.2 7.2 1.2 8.3-3.3 .8-3.4 5-20.3 6.9-28.1 .6-2.5 .3-4.7-1.7-7.1-10.1-12.5-18.3-35.3-18.3-56.6 0-54.7 41.4-107.6 112-107.6 60.9 0 103.6 41.5 103.6 100.9 0 67.1-33.9 113.6-78 113.6-24.3 0-42.6-20.1-36.7-44.8 7-29.5 20.5-61.3 20.5-82.6 0-19-10.2-34.9-31.4-34.9-24.9 0-44.9 25.7-44.9 60.2 0 22 7.4 36.8 7.4 36.8s-24.5 103.8-29 123.2c-5 21.4-3 51.6-.9 71.2C65.4 450.9 0 361.1 0 256 0 119 111 8 248 8s248 111 248 248z\"></path></svg>",
            "social_link4": ""
          }
        },
        "723e720f-fc35-4b24-938b-a824bfceafe7": {
          "type": "member",
          "settings": {
            "image": "shopify://shop_images/avatar_02.jpg",
            "name": "Saga Norén",
            "position": "Developer",
            "social_icon1": "<svg xmlns=\"http://www.w3.org/2000/svg\" viewbox=\"0 0 320 512\"><path d=\"M80 299.3V512H196V299.3h86.5l18-97.8H196V166.9c0-51.7 20.3-71.5 72.7-71.5c16.3 0 29.4 .4 37 1.2V7.9C291.4 4 256.4 0 236.2 0C129.3 0 80 50.5 80 159.4v42.1H14v97.8H80z\"></path></svg>",
            "social_link1": "",
            "social_icon2": "<svg xmlns=\"http://www.w3.org/2000/svg\" viewbox=\"0 0 512 512\"><path d=\"M459.4 151.7c.3 4.5 .3 9.1 .3 13.6 0 138.7-105.6 298.6-298.6 298.6-59.5 0-114.7-17.2-161.1-47.1 8.4 1 16.6 1.3 25.3 1.3 49.1 0 94.2-16.6 130.3-44.8-46.1-1-84.8-31.2-98.1-72.8 6.5 1 13 1.6 19.8 1.6 9.4 0 18.8-1.3 27.6-3.6-48.1-9.7-84.1-52-84.1-103v-1.3c14 7.8 30.2 12.7 47.4 13.3-28.3-18.8-46.8-51-46.8-87.4 0-19.5 5.2-37.4 14.3-53 51.7 63.7 129.3 105.3 216.4 109.8-1.6-7.8-2.6-15.9-2.6-24 0-57.8 46.8-104.9 104.9-104.9 30.2 0 57.5 12.7 76.7 33.1 23.7-4.5 46.5-13.3 66.6-25.3-7.8 24.4-24.4 44.8-46.1 57.8 21.1-2.3 41.6-8.1 60.4-16.2-14.3 20.8-32.2 39.3-52.6 54.3z\"></path></svg>",
            "social_link2": "",
            "social_icon3": "<svg xmlns=\"http://www.w3.org/2000/svg\" viewbox=\"0 0 448 512\"><path d=\"M224.1 141c-63.6 0-114.9 51.3-114.9 114.9s51.3 114.9 114.9 114.9S339 319.5 339 255.9 287.7 141 224.1 141zm0 189.6c-41.1 0-74.7-33.5-74.7-74.7s33.5-74.7 74.7-74.7 74.7 33.5 74.7 74.7-33.6 74.7-74.7 74.7zm146.4-194.3c0 14.9-12 26.8-26.8 26.8-14.9 0-26.8-12-26.8-26.8s12-26.8 26.8-26.8 26.8 12 26.8 26.8zm76.1 27.2c-1.7-35.9-9.9-67.7-36.2-93.9-26.2-26.2-58-34.4-93.9-36.2-37-2.1-147.9-2.1-184.9 0-35.8 1.7-67.6 9.9-93.9 36.1s-34.4 58-36.2 93.9c-2.1 37-2.1 147.9 0 184.9 1.7 35.9 9.9 67.7 36.2 93.9s58 34.4 93.9 36.2c37 2.1 147.9 2.1 184.9 0 35.9-1.7 67.7-9.9 93.9-36.2 26.2-26.2 34.4-58 36.2-93.9 2.1-37 2.1-147.8 0-184.8zM398.8 388c-7.8 19.6-22.9 34.7-42.6 42.6-29.5 11.7-99.5 9-132.1 9s-102.7 2.6-132.1-9c-19.6-7.8-34.7-22.9-42.6-42.6-11.7-29.5-9-99.5-9-132.1s-2.6-102.7 9-132.1c7.8-19.6 22.9-34.7 42.6-42.6 29.5-11.7 99.5-9 132.1-9s102.7-2.6 132.1 9c19.6 7.8 34.7 22.9 42.6 42.6 11.7 29.5 9 99.5 9 132.1s2.7 102.7-9 132.1z\"></path></svg>",
            "social_link3": "",
            "social_icon4": "<svg xmlns=\"http://www.w3.org/2000/svg\" viewbox=\"0 0 496 512\"><path d=\"M496 256c0 137-111 248-248 248-25.6 0-50.2-3.9-73.4-11.1 10.1-16.5 25.2-43.5 30.8-65 3-11.6 15.4-59 15.4-59 8.1 15.4 31.7 28.5 56.8 28.5 74.8 0 128.7-68.8 128.7-154.3 0-81.9-66.9-143.2-152.9-143.2-107 0-163.9 71.8-163.9 150.1 0 36.4 19.4 81.7 50.3 96.1 4.7 2.2 7.2 1.2 8.3-3.3 .8-3.4 5-20.3 6.9-28.1 .6-2.5 .3-4.7-1.7-7.1-10.1-12.5-18.3-35.3-18.3-56.6 0-54.7 41.4-107.6 112-107.6 60.9 0 103.6 41.5 103.6 100.9 0 67.1-33.9 113.6-78 113.6-24.3 0-42.6-20.1-36.7-44.8 7-29.5 20.5-61.3 20.5-82.6 0-19-10.2-34.9-31.4-34.9-24.9 0-44.9 25.7-44.9 60.2 0 22 7.4 36.8 7.4 36.8s-24.5 103.8-29 123.2c-5 21.4-3 51.6-.9 71.2C65.4 450.9 0 361.1 0 256 0 119 111 8 248 8s248 111 248 248z\"></path></svg>",
            "social_link4": ""
          }
        },
        "c9c60d0c-f838-4413-a2f7-7d24fe3bb01c": {
          "type": "member",
          "settings": {
            "image": "shopify://shop_images/avatar_03.jpg",
            "name": "Karen Ryan",
            "position": "Developer",
            "social_icon1": "<svg xmlns=\"http://www.w3.org/2000/svg\" viewbox=\"0 0 320 512\"><path d=\"M80 299.3V512H196V299.3h86.5l18-97.8H196V166.9c0-51.7 20.3-71.5 72.7-71.5c16.3 0 29.4 .4 37 1.2V7.9C291.4 4 256.4 0 236.2 0C129.3 0 80 50.5 80 159.4v42.1H14v97.8H80z\"></path></svg>",
            "social_link1": "",
            "social_icon2": "<svg xmlns=\"http://www.w3.org/2000/svg\" viewbox=\"0 0 512 512\"><path d=\"M459.4 151.7c.3 4.5 .3 9.1 .3 13.6 0 138.7-105.6 298.6-298.6 298.6-59.5 0-114.7-17.2-161.1-47.1 8.4 1 16.6 1.3 25.3 1.3 49.1 0 94.2-16.6 130.3-44.8-46.1-1-84.8-31.2-98.1-72.8 6.5 1 13 1.6 19.8 1.6 9.4 0 18.8-1.3 27.6-3.6-48.1-9.7-84.1-52-84.1-103v-1.3c14 7.8 30.2 12.7 47.4 13.3-28.3-18.8-46.8-51-46.8-87.4 0-19.5 5.2-37.4 14.3-53 51.7 63.7 129.3 105.3 216.4 109.8-1.6-7.8-2.6-15.9-2.6-24 0-57.8 46.8-104.9 104.9-104.9 30.2 0 57.5 12.7 76.7 33.1 23.7-4.5 46.5-13.3 66.6-25.3-7.8 24.4-24.4 44.8-46.1 57.8 21.1-2.3 41.6-8.1 60.4-16.2-14.3 20.8-32.2 39.3-52.6 54.3z\"></path></svg>",
            "social_link2": "",
            "social_icon3": "<svg xmlns=\"http://www.w3.org/2000/svg\" viewbox=\"0 0 448 512\"><path d=\"M224.1 141c-63.6 0-114.9 51.3-114.9 114.9s51.3 114.9 114.9 114.9S339 319.5 339 255.9 287.7 141 224.1 141zm0 189.6c-41.1 0-74.7-33.5-74.7-74.7s33.5-74.7 74.7-74.7 74.7 33.5 74.7 74.7-33.6 74.7-74.7 74.7zm146.4-194.3c0 14.9-12 26.8-26.8 26.8-14.9 0-26.8-12-26.8-26.8s12-26.8 26.8-26.8 26.8 12 26.8 26.8zm76.1 27.2c-1.7-35.9-9.9-67.7-36.2-93.9-26.2-26.2-58-34.4-93.9-36.2-37-2.1-147.9-2.1-184.9 0-35.8 1.7-67.6 9.9-93.9 36.1s-34.4 58-36.2 93.9c-2.1 37-2.1 147.9 0 184.9 1.7 35.9 9.9 67.7 36.2 93.9s58 34.4 93.9 36.2c37 2.1 147.9 2.1 184.9 0 35.9-1.7 67.7-9.9 93.9-36.2 26.2-26.2 34.4-58 36.2-93.9 2.1-37 2.1-147.8 0-184.8zM398.8 388c-7.8 19.6-22.9 34.7-42.6 42.6-29.5 11.7-99.5 9-132.1 9s-102.7 2.6-132.1-9c-19.6-7.8-34.7-22.9-42.6-42.6-11.7-29.5-9-99.5-9-132.1s-2.6-102.7 9-132.1c7.8-19.6 22.9-34.7 42.6-42.6 29.5-11.7 99.5-9 132.1-9s102.7-2.6 132.1 9c19.6 7.8 34.7 22.9 42.6 42.6 11.7 29.5 9 99.5 9 132.1s2.7 102.7-9 132.1z\"></path></svg>",
            "social_link3": "",
            "social_icon4": "<svg xmlns=\"http://www.w3.org/2000/svg\" viewbox=\"0 0 496 512\"><path d=\"M496 256c0 137-111 248-248 248-25.6 0-50.2-3.9-73.4-11.1 10.1-16.5 25.2-43.5 30.8-65 3-11.6 15.4-59 15.4-59 8.1 15.4 31.7 28.5 56.8 28.5 74.8 0 128.7-68.8 128.7-154.3 0-81.9-66.9-143.2-152.9-143.2-107 0-163.9 71.8-163.9 150.1 0 36.4 19.4 81.7 50.3 96.1 4.7 2.2 7.2 1.2 8.3-3.3 .8-3.4 5-20.3 6.9-28.1 .6-2.5 .3-4.7-1.7-7.1-10.1-12.5-18.3-35.3-18.3-56.6 0-54.7 41.4-107.6 112-107.6 60.9 0 103.6 41.5 103.6 100.9 0 67.1-33.9 113.6-78 113.6-24.3 0-42.6-20.1-36.7-44.8 7-29.5 20.5-61.3 20.5-82.6 0-19-10.2-34.9-31.4-34.9-24.9 0-44.9 25.7-44.9 60.2 0 22 7.4 36.8 7.4 36.8s-24.5 103.8-29 123.2c-5 21.4-3 51.6-.9 71.2C65.4 450.9 0 361.1 0 256 0 119 111 8 248 8s248 111 248 248z\"></path></svg>",
            "social_link4": ""
          }
        },
        "e39f17ad-cb3d-4c37-abde-02f352279f39": {
          "type": "member",
          "settings": {
            "image": "shopify://shop_images/avatar_04.jpg",
            "name": "Adrian Stone",
            "position": "Ceo",
            "social_icon1": "<svg xmlns=\"http://www.w3.org/2000/svg\" viewbox=\"0 0 320 512\"><path d=\"M80 299.3V512H196V299.3h86.5l18-97.8H196V166.9c0-51.7 20.3-71.5 72.7-71.5c16.3 0 29.4 .4 37 1.2V7.9C291.4 4 256.4 0 236.2 0C129.3 0 80 50.5 80 159.4v42.1H14v97.8H80z\"></path></svg>",
            "social_link1": "",
            "social_icon2": "<svg xmlns=\"http://www.w3.org/2000/svg\" viewbox=\"0 0 512 512\"><path d=\"M459.4 151.7c.3 4.5 .3 9.1 .3 13.6 0 138.7-105.6 298.6-298.6 298.6-59.5 0-114.7-17.2-161.1-47.1 8.4 1 16.6 1.3 25.3 1.3 49.1 0 94.2-16.6 130.3-44.8-46.1-1-84.8-31.2-98.1-72.8 6.5 1 13 1.6 19.8 1.6 9.4 0 18.8-1.3 27.6-3.6-48.1-9.7-84.1-52-84.1-103v-1.3c14 7.8 30.2 12.7 47.4 13.3-28.3-18.8-46.8-51-46.8-87.4 0-19.5 5.2-37.4 14.3-53 51.7 63.7 129.3 105.3 216.4 109.8-1.6-7.8-2.6-15.9-2.6-24 0-57.8 46.8-104.9 104.9-104.9 30.2 0 57.5 12.7 76.7 33.1 23.7-4.5 46.5-13.3 66.6-25.3-7.8 24.4-24.4 44.8-46.1 57.8 21.1-2.3 41.6-8.1 60.4-16.2-14.3 20.8-32.2 39.3-52.6 54.3z\"></path></svg>",
            "social_link2": "",
            "social_icon3": "<svg xmlns=\"http://www.w3.org/2000/svg\" viewbox=\"0 0 448 512\"><path d=\"M224.1 141c-63.6 0-114.9 51.3-114.9 114.9s51.3 114.9 114.9 114.9S339 319.5 339 255.9 287.7 141 224.1 141zm0 189.6c-41.1 0-74.7-33.5-74.7-74.7s33.5-74.7 74.7-74.7 74.7 33.5 74.7 74.7-33.6 74.7-74.7 74.7zm146.4-194.3c0 14.9-12 26.8-26.8 26.8-14.9 0-26.8-12-26.8-26.8s12-26.8 26.8-26.8 26.8 12 26.8 26.8zm76.1 27.2c-1.7-35.9-9.9-67.7-36.2-93.9-26.2-26.2-58-34.4-93.9-36.2-37-2.1-147.9-2.1-184.9 0-35.8 1.7-67.6 9.9-93.9 36.1s-34.4 58-36.2 93.9c-2.1 37-2.1 147.9 0 184.9 1.7 35.9 9.9 67.7 36.2 93.9s58 34.4 93.9 36.2c37 2.1 147.9 2.1 184.9 0 35.9-1.7 67.7-9.9 93.9-36.2 26.2-26.2 34.4-58 36.2-93.9 2.1-37 2.1-147.8 0-184.8zM398.8 388c-7.8 19.6-22.9 34.7-42.6 42.6-29.5 11.7-99.5 9-132.1 9s-102.7 2.6-132.1-9c-19.6-7.8-34.7-22.9-42.6-42.6-11.7-29.5-9-99.5-9-132.1s-2.6-102.7 9-132.1c7.8-19.6 22.9-34.7 42.6-42.6 29.5-11.7 99.5-9 132.1-9s102.7-2.6 132.1 9c19.6 7.8 34.7 22.9 42.6 42.6 11.7 29.5 9 99.5 9 132.1s2.7 102.7-9 132.1z\"></path></svg>",
            "social_link3": "",
            "social_icon4": "<svg xmlns=\"http://www.w3.org/2000/svg\" viewbox=\"0 0 496 512\"><path d=\"M496 256c0 137-111 248-248 248-25.6 0-50.2-3.9-73.4-11.1 10.1-16.5 25.2-43.5 30.8-65 3-11.6 15.4-59 15.4-59 8.1 15.4 31.7 28.5 56.8 28.5 74.8 0 128.7-68.8 128.7-154.3 0-81.9-66.9-143.2-152.9-143.2-107 0-163.9 71.8-163.9 150.1 0 36.4 19.4 81.7 50.3 96.1 4.7 2.2 7.2 1.2 8.3-3.3 .8-3.4 5-20.3 6.9-28.1 .6-2.5 .3-4.7-1.7-7.1-10.1-12.5-18.3-35.3-18.3-56.6 0-54.7 41.4-107.6 112-107.6 60.9 0 103.6 41.5 103.6 100.9 0 67.1-33.9 113.6-78 113.6-24.3 0-42.6-20.1-36.7-44.8 7-29.5 20.5-61.3 20.5-82.6 0-19-10.2-34.9-31.4-34.9-24.9 0-44.9 25.7-44.9 60.2 0 22 7.4 36.8 7.4 36.8s-24.5 103.8-29 123.2c-5 21.4-3 51.6-.9 71.2C65.4 450.9 0 361.1 0 256 0 119 111 8 248 8s248 111 248 248z\"></path></svg>",
            "social_link4": ""
          }
        }
      },
      "block_order": [
        "71cee2c3-d420-46da-bb4e-b3a85e067a07",
        "723e720f-fc35-4b24-938b-a824bfceafe7",
        "c9c60d0c-f838-4413-a2f7-7d24fe3bb01c",
        "e39f17ad-cb3d-4c37-abde-02f352279f39"
      ],
      "settings": {
        "width": "box",
        "fullwidth_margin": 0,
        "title": "Behind The Brands",
        "description": "We are a female-founded, 100% woman-led team of collaborative dreamers who value innovation, curiosity and free-thinking fearlessness in everything that we do. We take immeasurable pride in our work, intentionally stitching love into the very fiber and fabric of our designs. We are small, but we are a mighty group of talented individuals dedicated to bringing you otherworldly designs with imagery to match.",
        "columns_limit": 3,
        "gap": 30,
        "auto_play": false,
        "color_scheme": "",
        "background_type": "color",
        "background_color": "",
        "background_gradient": "",
        "use_parallax": true,
        "background_image_animation": "none",
        "background_video_url": "",
        "background_video_animation": "none",
        "background_overlay": "",
        "background_margin": 0,
        "padding_top": 70,
        "padding_bottom": 70
      }
    },
    "newsletter_v1_PRq7jh": {
      "type": "newsletter-v1",
      "settings": {
        "svg": "<svg xmlns=\"http://www.w3.org/2000/svg\" style=\"fill:#fff\" id=\"Capa_1\" enable-background=\"new 0 0 512 512\" height=\"512\" viewbox=\"0 0 512 512\" width=\"512\" class=\"mdl-js\"><path d=\"m512 203.06v-.045c0-.427-.024-.85-.059-1.271-.01-.115-.025-.229-.037-.344-.036-.33-.082-.657-.139-.981-.021-.122-.042-.244-.066-.365-.08-.395-.171-.787-.282-1.172-.011-.038-.02-.077-.031-.115-.117-.394-.253-.781-.401-1.163-.056-.146-.118-.289-.179-.434-.109-.258-.226-.513-.35-.764-.072-.146-.141-.293-.217-.437-.187-.351-.386-.695-.6-1.031-.08-.125-.168-.245-.252-.368-.167-.245-.34-.485-.521-.719-.097-.125-.194-.249-.295-.372-.263-.319-.535-.631-.825-.928-.023-.023-.045-.047-.068-.07-.31-.315-.64-.612-.979-.9-.042-.036-.078-.076-.121-.111l-25.578-21.225v-65.229c0-19.299-15.701-35-35-35h-85.776l-69.1-57.345c-20.354-16.888-49.896-16.888-70.248 0l-69.1 57.344h-85.776c-19.299 0-35 15.701-35 35v65.229l-25.579 21.228c-.042.035-.079.075-.121.111-.339.288-.669.585-.979.9-.023.023-.045.047-.068.07-.289.297-.562.609-.825.928-.101.122-.198.247-.295.372-.181.235-.354.475-.521.719-.084.123-.172.243-.252.368-.214.335-.413.679-.6 1.031-.077.144-.146.291-.217.437-.124.251-.24.506-.35.764-.061.144-.123.288-.179.434-.148.382-.285.768-.401 1.163-.011.038-.02.076-.031.115-.111.385-.202.777-.282 1.172-.024.122-.045.243-.066.365-.057.324-.103.651-.139.981-.012.115-.027.229-.037.344-.034.419-.058.842-.058 1.269v.045.008 253.927c0 15.718 6.638 29.906 17.246 39.939.301.301.603.599.925.87 9.757 8.814 22.676 14.19 36.829 14.19h402c14.154 0 27.074-5.377 36.832-14.193.319-.27.619-.565.918-.864 10.61-10.033 17.25-24.223 17.25-39.943v-253.926c0-.002 0-.005 0-.008zm-446-103.045h380c2.757 0 5 2.243 5 5v116.682l-8.488 7.044-170.546 141.533c-9.251 7.677-22.681 7.676-31.932 0l-170.546-141.532-8.488-7.045v-116.682c0-2.757 2.243-5 5-5zm-36 356.98v-222.04l6.452 5.355c.004.003.008.007.012.01l146.469 121.551-151.397 103.752c-.993-2.69-1.536-5.597-1.536-8.628zm176.937-75.204 13.939 11.568c20.352 16.89 49.896 16.889 70.248 0l13.939-11.568 146.22 100.204h-390.567zm122.13-19.919 146.468-121.552c.004-.003.008-.007.012-.01l6.452-5.355v222.04c0 3.031-.543 5.938-1.536 8.628zm-89.033-326.114c9.251-7.677 22.681-7.677 31.932 0l41.281 34.258h-114.494z\"></path><path d=\"m131.5 164.995c0 8.284 6.716 15 15 15h142c8.284 0 15-6.716 15-15s-6.716-15-15-15h-142c-8.284 0-15 6.716-15 15z\"></path><path d=\"m146.5 239.995h219c6.988 0 12.843-4.786 14.509-11.254.309-1.2.491-2.45.491-3.746 0-8.284-6.716-15-15-15h-219c-8.284 0-15 6.716-15 15 0 1.296.182 2.547.491 3.746 1.666 6.469 7.521 11.254 14.509 11.254z\"></path></svg>",
        "title": "OUR<br>NEWSLETTER!",
        "subtitle": "It only takes a second to be the first to findout about our latest news",
        "button_mode": "dark",
        "color_scheme": "inverse",
        "background_type": "image",
        "background_color": "",
        "background_gradient": "",
        "background_image_desktop": "shopify://shop_images/8.jpg",
        "background_image_mobile": "shopify://shop_images/8.jpg",
        "use_parallax": false,
        "background_image_animation": "none",
        "background_video_url": "",
        "background_video_animation": "none",
        "background_overlay": "",
        "background_margin": 0,
        "padding_top": 120,
        "padding_bottom": 120
      }
    },
    "instagram_v3_LaTUA8": {
      "type": "instagram-v1",
      "settings": {
        "width": "fullwidth",
        "fullwidth_margin": 0,
        "icon_heading": "<svg xmlns=\"http://www.w3.org/2000/svg\" width=\"70\" height=\"70\" viewbox=\"0 0 50 50\" fill=\"none\">\n  <g clip-path=\"url(#clip0_11_25)\">\n    <path d=\"M34.375 0H15.625C6.99687 0 0 6.99687 0 15.625V34.375C0 43.0031 6.99687 50 15.625 50H34.375C43.0031 50 50 43.0031 50 34.375V15.625C50 6.99687 43.0031 0 34.375 0ZM45.3125 34.375C45.3125 40.4062 40.4062 45.3125 34.375 45.3125H15.625C9.59375 45.3125 4.6875 40.4062 4.6875 34.375V15.625C4.6875 9.59375 9.59375 4.6875 15.625 4.6875H34.375C40.4062 4.6875 45.3125 9.59375 45.3125 15.625V34.375Z\" fill=\"url(#paint0_linear_11_25)\"></path>\n    <path d=\"M25 12.5C18.0969 12.5 12.5 18.0969 12.5 25C12.5 31.9031 18.0969 37.5 25 37.5C31.9031 37.5 37.5 31.9031 37.5 25C37.5 18.0969 31.9031 12.5 25 12.5ZM25 32.8125C20.6937 32.8125 17.1875 29.3063 17.1875 25C17.1875 20.6906 20.6937 17.1875 25 17.1875C29.3063 17.1875 32.8125 20.6906 32.8125 25C32.8125 29.3063 29.3063 32.8125 25 32.8125Z\" fill=\"url(#paint1_linear_11_25)\"></path>\n    <path d=\"M38.4375 13.2281C39.3574 13.2281 40.1031 12.4824 40.1031 11.5625C40.1031 10.6426 39.3574 9.89685 38.4375 9.89685C37.5176 9.89685 36.7719 10.6426 36.7719 11.5625C36.7719 12.4824 37.5176 13.2281 38.4375 13.2281Z\" fill=\"url(#paint2_linear_11_25)\"></path>\n  </g>\n  <defs>\n    <lineargradient id=\"paint0_linear_11_25\" x1=\"4.57703\" y1=\"45.4233\" x2=\"45.423\" y2=\"4.57672\" gradientunits=\"userSpaceOnUse\">\n      <stop stop-color=\"#FFC107\"></stop>\n      <stop offset=\"0.507\" stop-color=\"#F44336\"></stop>\n      <stop offset=\"0.99\" stop-color=\"#9C27B0\"></stop>\n    </lineargradient>\n    <lineargradient id=\"paint1_linear_11_25\" x1=\"16.1614\" y1=\"33.8386\" x2=\"33.8386\" y2=\"16.1614\" gradientunits=\"userSpaceOnUse\">\n      <stop stop-color=\"#FFC107\"></stop>\n      <stop offset=\"0.507\" stop-color=\"#F44336\"></stop>\n      <stop offset=\"0.99\" stop-color=\"#9C27B0\"></stop>\n    </lineargradient>\n    <lineargradient id=\"paint2_linear_11_25\" x1=\"37.2598\" y1=\"12.7404\" x2=\"39.6152\" y2=\"10.3848\" gradientunits=\"userSpaceOnUse\">\n      <stop stop-color=\"#FFC107\"></stop>\n      <stop offset=\"0.507\" stop-color=\"#F44336\"></stop>\n      <stop offset=\"0.99\" stop-color=\"#9C27B0\"></stop>\n    </lineargradient>\n    <clippath id=\"clip0_11_25\">\n      <rect width=\"50\" height=\"50\" fill=\"white\"></rect>\n    </clippath>\n  </defs>\n</svg>",
        "icon_image": "<svg xmlns=\"http://www.w3.org/2000/svg\" viewbox=\"0 0 448 512\"><path d=\"M224.1 141c-63.6 0-114.9 51.3-114.9 114.9s51.3 114.9 114.9 114.9S339 319.5 339 255.9 287.7 141 224.1 141zm0 189.6c-41.1 0-74.7-33.5-74.7-74.7s33.5-74.7 74.7-74.7 74.7 33.5 74.7 74.7-33.6 74.7-74.7 74.7zm146.4-194.3c0 14.9-12 26.8-26.8 26.8-14.9 0-26.8-12-26.8-26.8s12-26.8 26.8-26.8 26.8 12 26.8 26.8zm76.1 27.2c-1.7-35.9-9.9-67.7-36.2-93.9-26.2-26.2-58-34.4-93.9-36.2-37-2.1-147.9-2.1-184.9 0-35.8 1.7-67.6 9.9-93.9 36.1s-34.4 58-36.2 93.9c-2.1 37-2.1 147.9 0 184.9 1.7 35.9 9.9 67.7 36.2 93.9s58 34.4 93.9 36.2c37 2.1 147.9 2.1 184.9 0 35.9-1.7 67.7-9.9 93.9-36.2 26.2-26.2 34.4-58 36.2-93.9 2.1-37 2.1-147.8 0-184.8zM398.8 388c-7.8 19.6-22.9 34.7-42.6 42.6-29.5 11.7-99.5 9-132.1 9s-102.7 2.6-132.1-9c-19.6-7.8-34.7-22.9-42.6-42.6-11.7-29.5-9-99.5-9-132.1s-2.6-102.7 9-132.1c7.8-19.6 22.9-34.7 42.6-42.6 29.5-11.7 99.5-9 132.1-9s102.7-2.6 132.1 9c19.6 7.8 34.7 22.9 42.6 42.6 11.7 29.5 9 99.5 9 132.1s2.7 102.7-9 132.1z\"></path></svg>",
        "title": "Follow us on instagram",
        "access_token": "",
        "open_mode": "newtab",
        "limit": 6,
        "auto_play": false,
        "color_scheme": "",
        "background_type": "color",
        "background_color": "",
        "background_gradient": "",
        "background_margin": 0,
        "padding_top": 0,
        "padding_bottom": 0
      }
    }
  },
  "order": [
    "breadcrumb-v2",
    "about_v1_NQgk6N",
    "about_v2_HkK8f8",
    "about_v3_7CREBy",
    "about_v4_ptE6KU",
    "newsletter_v1_PRq7jh",
    "instagram_v3_LaTUA8"
  ]
}
