{
  "name": "t:sections.headers.name",
  "type": "header",
  "sections": {
    "header": {
      "type": "header",
      "settings": {
        "width": "box",
        "fullwidth_margin": 0,
        "sticky_type": "down",
        "transparent": false,
        "currency_selector": false,
        "language_selector": false,
        "logo_desktop": "shopify://shop_images/logo.png",
        "logo_desktop_width": 140,
        "logo_mobile": "shopify://shop_images/logo.png",
        "logo_mobile_width": 100,
        "menu": "header-menu",
        "menu_type": "hamburger",
        "event_type": "hover",
        "hamburger_type": "default",
        "hamburger_drawer_color_scheme": "",
        "hamburger_drawer_background_color": "#ffffff",
        "hamburger_drawer_background_gradient": "",
        "submenu_color_scheme": "",
        "submenu_background_color": "#ffffff",
        "submenu_background_gradient": "",
        "color_scheme": "background-1",
        "background_type": "color",
        "background_color": "#ffffff",
        "background_gradient": "",
        "use_parallax": true,
        "background_image_animation": "none",
        "background_video_url": "",
        "background_video_animation": "none",
        "background_overlay": "",
        "background_margin": 0
      }
    },
    "search": {
      "type": "search",
      "settings": {
        "width": "box",
        "fullwidth_margin": 0,
        "logo_img": "shopify://shop_images/logo.png",
        "logo_width": 120,
        "color_scheme": "",
        "background_type": "color",
        "background_color": "",
        "background_gradient": "",
        "use_parallax": true,
        "background_image_animation": "none",
        "background_video_url": "",
        "background_video_animation": "none",
        "background_overlay": "",
        "background_margin": 0,
        "padding_top": 40,
        "padding_bottom": 40
      }
    },
    "mega-menu-v1": {
      "type": "mega-menu-v1",
      "settings": {
        "width": "box",
        "fullwidth_margin": 0,
        "index": "0",
        "image_1": "shopify://shop_images/home1.jpg",
        "title_1": "Home 1",
        "link_1": "shopify://pages/home-1",
        "image_2": "shopify://shop_images/home2.jpg",
        "title_2": "Home 2",
        "link_2": "shopify://pages/home-2",
        "image_3": "shopify://shop_images/home3.jpg",
        "title_3": "Home 3",
        "link_3": "shopify://pages/home-3",
        "image_4": "shopify://shop_images/home4.jpg",
        "title_4": "Home 4",
        "link_4": "shopify://pages/home-4",
        "image_5": "shopify://shop_images/home5.jpg",
        "title_5": "Home 5",
        "link_5": "shopify://pages/home-5",
        "color_scheme": "",
        "background_type": "color",
        "background_color": "#ffffff",
        "background_gradient": "",
        "use_parallax": true,
        "background_image_animation": "none",
        "background_video_url": "",
        "background_video_animation": "none",
        "background_overlay": "",
        "background_margin": 0,
        "padding_top": 50,
        "padding_bottom": 50
      }
    },
    "mega-menu-v2": {
      "type": "mega-menu-v2",
      "settings": {
        "width": "wide",
        "fullwidth_margin": 0,
        "index": "1",
        "link": "",
        "title_1": "Shop Layouts",
        "menu_1": "shop-layout-1",
        "title_2": "Shop Layouts",
        "menu_2": "shop-layout-2",
        "title_3": "Shop Features",
        "menu_3": "shop-features",
        "title_4": "Product Card Styles",
        "menu_4": "product-card-styles",
        "title_5": "Product Card Features",
        "menu_5": "product-card-features",
        "color_scheme": "",
        "background_type": "color",
        "background_color": "#ffffff",
        "background_gradient": "",
        "use_parallax": true,
        "background_image_animation": "none",
        "background_video_url": "",
        "background_video_animation": "none",
        "background_overlay": "",
        "background_margin": 0,
        "padding_top": 50,
        "padding_bottom": 50
      }
    },
    "mega-menu-v3": {
      "type": "mega-menu-v3",
      "settings": {
        "width": "box",
        "fullwidth_margin": 0,
        "index": "2",
        "title_1": "Product Layouts",
        "menu_1": "product-layout",
        "title_2": "Product Features",
        "menu_2": "product-features-1",
        "title_3": "Product Features",
        "menu_3": "product-features-2",
        "title_4": "Thumbnails Position",
        "menu_4": "thumbnails-position",
        "title_5": "Boost Sale",
        "menu_5": "boost-sale",
        "title_6": "Product Types",
        "menu_6": "product-types",
        "color_scheme": "",
        "background_type": "color",
        "background_color": "#ffffff",
        "background_gradient": "",
        "use_parallax": true,
        "background_image_animation": "none",
        "background_video_url": "",
        "background_video_animation": "none",
        "background_overlay": "",
        "background_margin": 0,
        "padding_top": 50,
        "padding_bottom": 50
      }
    },
    "mega-menu-v4": {
      "type": "mega-menu-v4",
      "settings": {
        "index": "3",
        "title_1": "Blog layout",
        "menu_1": "blog-layout",
        "title_2": "Post layout",
        "menu_2": "post-layout",
        "title_3": "Blog style",
        "menu_3": "blog-style",
        "title_4": "Post format",
        "menu_4": "post-format",
        "title_5": "Blog post",
        "blog": "blog-grid",
        "limit": 3,
        "color_scheme": "",
        "background_type": "color",
        "background_color": "#ffffff",
        "background_gradient": "",
        "use_parallax": true,
        "background_image_animation": "none",
        "background_video_url": "",
        "background_video_animation": "none",
        "background_overlay": "",
        "background_margin": 0,
        "padding_top": 50,
        "padding_bottom": 50
      }
    }
  },
  "order": [
    "header",
    "search",
    "mega-menu-v1",
    "mega-menu-v2",
    "mega-menu-v3",
    "mega-menu-v4"
  ]
}
