{
  "sections": {
    "collection-title": {
      "type": "collection-title",
      "blocks": {
        "3be361b1-1ee2-4f6b-b8b6-590e4f6dbe76": {
          "type": "collection",
          "settings": {
            "collection": "left-sidebar",
            "collection_image": "shopify://shop_images/icon1.png"
          }
        },
        "ffcfc673-ace0-4528-992e-5f0d62796909": {
          "type": "collection",
          "settings": {
            "collection": "right-sidebar",
            "collection_image": "shopify://shop_images/icon2.png"
          }
        },
        "517f4c7b-a4e9-40db-97bf-00ded2faf142": {
          "type": "collection",
          "settings": {
            "collection": "box-container",
            "collection_image": "shopify://shop_images/icon3.png"
          }
        },
        "f6d6ef68-e996-4fcd-b6da-b107087546af": {
          "type": "collection",
          "settings": {
            "collection": "wide-container",
            "collection_image": "shopify://shop_images/icon4.png"
          }
        },
        "9a0a0ca3-7c22-4c1c-ba2d-259e2e497b33": {
          "type": "collection",
          "settings": {
            "collection": "list-view",
            "collection_image": "shopify://shop_images/icon5.png"
          }
        },
        "500a2519-10b2-4423-846d-71b7877204cb": {
          "type": "collection",
          "settings": {
            "collection": "filter-sidebar",
            "collection_image": "shopify://shop_images/icon6.png"
          }
        },
        "de634ac9-6a42-4549-8ee5-bdd53cc86070": {
          "type": "collection",
          "settings": {
            "collection": "filter-hidden",
            "collection_image": "shopify://shop_images/icon7.png"
          }
        },
        "7404e6e3-b5bb-44f3-ba36-2ebacfb51ef6": {
          "type": "collection",
          "settings": {
            "collection": "grid-2-columns",
            "collection_image": "shopify://shop_images/icon8.png"
          }
        },
        "e87f8941-994b-40da-bd91-0d9a247d7d2f": {
          "type": "collection",
          "settings": {
            "collection": "grid-3-columns",
            "collection_image": "shopify://shop_images/icon9.png"
          }
        },
        "b951cdf9-06dc-46b5-8d67-40639eb8b4a4": {
          "type": "collection",
          "settings": {
            "collection": "grid-4-columns",
            "collection_image": "shopify://shop_images/icon10.png"
          }
        }
      },
      "block_order": [
        "3be361b1-1ee2-4f6b-b8b6-590e4f6dbe76",
        "ffcfc673-ace0-4528-992e-5f0d62796909",
        "517f4c7b-a4e9-40db-97bf-00ded2faf142",
        "f6d6ef68-e996-4fcd-b6da-b107087546af",
        "9a0a0ca3-7c22-4c1c-ba2d-259e2e497b33",
        "500a2519-10b2-4423-846d-71b7877204cb",
        "de634ac9-6a42-4549-8ee5-bdd53cc86070",
        "7404e6e3-b5bb-44f3-ba36-2ebacfb51ef6",
        "e87f8941-994b-40da-bd91-0d9a247d7d2f",
        "b951cdf9-06dc-46b5-8d67-40639eb8b4a4"
      ],
      "settings": {
        "width": "box",
        "columns": 6,
        "style": "style5",
        "color_scheme": "inverse",
        "background_type": "color",
        "background_color": "#f3f3f3",
        "background_gradient": "",
        "background_image_desktop": "shopify://shop_images/bg_page.jpg",
        "background_image_mobile": "shopify://shop_images/bg_page.jpg",
        "use_parallax": false,
        "background_image_animation": "none",
        "background_video_url": "",
        "background_video_animation": "none",
        "background_overlay": "",
        "background_margin": 0,
        "padding_top": 110,
        "padding_bottom": 110
      }
    },
    "main-collection": {
      "type": "main-collection",
      "settings": {
        "width": "box",
        "products_per_page": 12,
        "columns_desktop": 3,
        "collection_style": "sidebar",
        "sidebar": "left",
        "filter_style": "drawer",
        "product_loadtype": "paginate",
        "product_layout": "grid",
        "menu_title": "CATEGORIES",
        "menu_sidebar": "categories",
        "show_bestsell": false,
        "bestsell_title": "BEST SELLERS",
        "products_bestsell_limit": 8,
        "columns_bestsell": 3,
        "bestsell_collection": "frontpage",
        "show_pagination": true,
        "show_pagination_mobile": false,
        "show_banner_modern": false,
        "banner_modern_link": "",
        "show_banner": true,
        "banner_link": "",
        "enable_filtering": true,
        "enable_sorting": true,
        "columns_mobile": "2",
        "product_card_show_image": true,
        "product_card_show_vendor": false,
        "product_card_show_description": false,
        "product_card_show_quick_add": true,
        "product_card_show_quick_view": true,
        "product_card_show_wishlist": true,
        "product_card_show_price": true,
        "product_card_show_badge": true,
        "product_card_aspect_ratio": "1/1",
        "card_color_scheme": "",
        "color_scheme": "",
        "background_type": "color",
        "background_color": "",
        "background_gradient": "",
        "background_margin": 0,
        "padding_top": 50,
        "padding_bottom": 50
      }
    }
  },
  "order": [
    "collection-title",
    "main-collection"
  ]
}
