{
  "sections": {
    "policy-v3": {
      "type": "policy-v3",
      "blocks": {
        "items_box_fJ4PzT": {
          "type": "policy",
          "settings": {
            "svg": "<svg xmlns=\"http://www.w3.org/2000/svg\" viewbox=\"0 0 640 640\"><path d=\"M341.5 45.1C337.4 37.1 329.1 32 320.1 32C311.1 32 302.8 37.1 298.7 45.1L225.1 189.3L65.2 214.7C56.3 216.1 48.9 222.4 46.1 231C43.3 239.6 45.6 249 51.9 255.4L166.3 369.9L141.1 529.8C139.7 538.7 143.4 547.7 150.7 553C158 558.3 167.6 559.1 175.7 555L320.1 481.6L464.4 555C472.4 559.1 482.1 558.3 489.4 553C496.7 547.7 500.4 538.8 499 529.8L473.7 369.9L588.1 255.4C594.5 249 596.7 239.6 593.9 231C591.1 222.4 583.8 216.1 574.8 214.7L415 189.3L341.5 45.1z\"></path></svg>",
            "title": "Rated 4.94 / 5"
          }
        },
        "items_box_TV9FYh": {
          "type": "policy",
          "settings": {
            "svg": "<svg xmlns=\"http://www.w3.org/2000/svg\" viewbox=\"0 0 640 640\"><path d=\"M169.3 256C196.8 163.5 282.5 96 384 96L448 96C465.7 96 480 110.3 480 128C480 145.7 465.7 160 448 160L384 160C318.4 160 262 199.5 237.3 256L368 256C381.3 256 392 266.7 392 280C392 293.3 381.3 304 368 304L224.8 304C224.3 309.3 224 314.6 224 320C224 325.4 224.3 330.7 224.8 336L368 336C381.3 336 392 346.7 392 360C392 373.3 381.3 384 368 384L237.3 384C262 440.5 318.4 480 384 480L448 480C465.7 480 480 494.3 480 512C480 529.7 465.7 544 448 544L384 544C282.5 544 196.8 476.5 169.3 384L136 384C122.7 384 112 373.3 112 360C112 346.7 122.7 336 136 336L160.6 336C159.9 325.5 159.9 314.5 160.6 304L136 304C122.7 304 112 293.3 112 280C112 266.7 122.7 256 136 256L169.3 256z\"></path></svg>",
            "title": "Price Match Promise"
          }
        },
        "items_box_YXMaa7": {
          "type": "policy",
          "settings": {
            "svg": "<svg xmlns=\"http://www.w3.org/2000/svg\" viewbox=\"0 0 640 640\"><path d=\"M32 160C32 124.7 60.7 96 96 96L384 96C419.3 96 448 124.7 448 160L448 192L498.7 192C515.7 192 532 198.7 544 210.7L589.3 256C601.3 268 608 284.3 608 301.3L608 448C608 483.3 579.3 512 544 512L540.7 512C530.3 548.9 496.3 576 456 576C415.7 576 381.8 548.9 371.3 512L268.7 512C258.3 548.9 224.3 576 184 576C143.7 576 109.8 548.9 99.3 512L96 512C60.7 512 32 483.3 32 448L32 160zM544 352L544 301.3L498.7 256L448 256L448 352L544 352zM224 488C224 465.9 206.1 448 184 448C161.9 448 144 465.9 144 488C144 510.1 161.9 528 184 528C206.1 528 224 510.1 224 488zM456 528C478.1 528 496 510.1 496 488C496 465.9 478.1 448 456 448C433.9 448 416 465.9 416 488C416 510.1 433.9 528 456 528z\"></path></svg>",
            "title": "Free UK Delivery Over £50"
          }
        }
      },
      "block_order": [
        "items_box_fJ4PzT",
        "items_box_TV9FYh",
        "items_box_YXMaa7"
      ],
      "settings": {
        "width": "box",
        "fullwidth_margin": 0,
        "limit": 3,
        "color_scheme": "inverse",
        "background_type": "color",
        "background_color": "#334a9c",
        "background_gradient": "",
        "use_parallax": true,
        "background_image_animation": "none",
        "background_video_url": "",
        "background_video_animation": "none",
        "background_overlay": "",
        "background_margin": 0,
        "padding_top": 10,
        "padding_bottom": 10
      }
    },
    "banner-v2": {
      "type": "banner-v2",
      "settings": {
        "width": "fullwidth",
        "fullwidth_margin": 0,
        "hover": "hover1",
        "gap": 0,
        "reverse": true,
        "subtitle": "🔥 Up to 50% off almost everything",
        "title": "Make the <br> World Greener",
        "banner_label": "BEST PRICES",
        "description": "45% OFF",
        "link_banner": "shopify://collections/all",
        "image": "shopify://shop_images/banner4.jpg",
        "button_text": "SHOP NOW",
        "button_link": "shopify://collections/all",
        "button_mode": "light",
        "button_style": "secondary",
        "button_size": "sm",
        "button_radius": 0,
        "button_padding": 1.4,
        "color_scheme": "inverse",
        "background_type": "color",
        "background_color": "#006f74",
        "background_gradient": "",
        "use_parallax": true,
        "background_image_animation": "none",
        "background_video_url": "",
        "background_video_animation": "none",
        "background_overlay": "",
        "background_margin": 0,
        "padding_top": 0,
        "padding_bottom": 0
      }
    },
    "product-v1": {
      "type": "product-v1",
      "settings": {
        "width": "box",
        "fullwidth_margin": 0,
        "subtitle": "Best Seller Product This Week!",
        "title": "Best Seller",
        "collection": "collection-title-style-03",
        "limit": 12,
        "columns_size": 4,
        "distinct_color_scheme": false,
        "product_card_color_scheme": "",
        "color_scheme": "",
        "background_type": "color",
        "background_color": "",
        "background_gradient": "",
        "use_parallax": true,
        "background_image_animation": "none",
        "background_video_url": "",
        "background_video_animation": "none",
        "background_overlay": "",
        "background_margin": 0,
        "padding_top": 50,
        "padding_bottom": 50
      }
    },
    "banner-v3": {
      "type": "banner-v3",
      "settings": {
        "width": "box",
        "fullwidth_margin": 0,
        "hover": "hover1",
        "gap": 30,
        "reversed": false,
        "subtitle": "",
        "title": "Ready, Set, Summer",
        "description": "Bring your space to life with leafy greens in new limited-edition planters—and enjoy FREE SHIPPING all month long!",
        "button_text": "Shop now",
        "button_link": "shopify://collections/all",
        "button_mode": "light",
        "button_style": "secondary",
        "button_size": "sm",
        "button_radius": 0,
        "button_padding": 1.4,
        "color_scheme": "inverse",
        "background_type": "image",
        "background_color": "",
        "background_gradient": "",
        "background_image_desktop": "shopify://shop_images/banner2.jpg",
        "background_image_mobile": "shopify://shop_images/banner2.jpg",
        "use_parallax": false,
        "background_image_animation": "none",
        "background_video_url": "",
        "background_video_animation": "none",
        "background_overlay": "",
        "background_margin": 0,
        "padding_top": 200,
        "padding_bottom": 200
      }
    },
    "product-v2": {
      "type": "product-v2",
      "blocks": {
        "891b74ee-242f-4933-a599-7f97c2fa0139": {
          "type": "tab",
          "settings": {
            "tab_title": "NEW ARRIVALS",
            "tab_collection": "toggle-sidebar",
            "tab_limit": 8
          }
        },
        "eaf25326-2cd2-4c89-8430-3ca4518ed39f": {
          "type": "tab",
          "settings": {
            "tab_title": "BEST SELLERS",
            "tab_collection": "best-seller",
            "tab_limit": 8
          }
        },
        "5b873d26-9935-44ef-bb2e-404c70eb024e": {
          "type": "tab",
          "settings": {
            "tab_title": "TOP RATES",
            "tab_collection": "box-container",
            "tab_limit": 8
          }
        }
      },
      "block_order": [
        "891b74ee-242f-4933-a599-7f97c2fa0139",
        "eaf25326-2cd2-4c89-8430-3ca4518ed39f",
        "5b873d26-9935-44ef-bb2e-404c70eb024e"
      ],
      "settings": {
        "width": "box",
        "fullwidth_margin": 0,
        "heading_title": "Our Best Seller",
        "heading_align": "center",
        "columns_size": 4,
        "distinct_color_scheme": false,
        "product_card_color_scheme": "",
        "button_text": "",
        "button_link": "shopify://collections/all",
        "button_mode": "light",
        "button_style": "primary",
        "button_size": "sm",
        "button_radius": 0.8,
        "button_padding": 1.4,
        "color_scheme": "",
        "background_type": "color",
        "background_color": "",
        "background_gradient": "",
        "use_parallax": true,
        "background_image_animation": "none",
        "background_video_url": "",
        "background_video_animation": "none",
        "background_overlay": "",
        "background_margin": 0,
        "padding_top": 50,
        "padding_bottom": 50
      }
    },
    "blog-v1": {
      "type": "blog-v1",
      "settings": {
        "width": "box",
        "fullwidth_margin": 0,
        "title": "Our Blog",
        "blog": "left-sidebar",
        "articles_limit": 8,
        "columns_limit": 3,
        "gap": 30,
        "auto_play": false,
        "hover": "scale_up",
        "aspect_ratio": "1/1",
        "button_text": "Read more",
        "color_scheme": "",
        "background_type": "color",
        "background_color": "",
        "background_gradient": "",
        "use_parallax": true,
        "background_image_animation": "none",
        "background_video_url": "",
        "background_video_animation": "none",
        "background_overlay": "",
        "background_margin": 0,
        "padding_top": 50,
        "padding_bottom": 50
      }
    },
    "testimonial-v2": {
      "type": "testimonial-v2",
      "blocks": {
        "review_jQe3nM": {
          "type": "review",
          "settings": {
            "icon_image": "shopify://shop_images/double-quotes_1.png",
            "testimonial": "Saved our business! We have no regrets! Thanks for the great service. Florasy is worth much more than I paid Saved our business! We have no regrets! Thanks for the great service. Florasy is worth much more!",
            "name_customer": "TONY",
            "position": "Marketing Personal"
          }
        },
        "review_jQe3nN": {
          "type": "review",
          "settings": {
            "icon_image": "shopify://shop_images/double-quotes_1.png",
            "testimonial": "Saved our business! We have no regrets! Thanks for the great service. Florasy is worth much more than I paid Saved our business! We have no regrets! Thanks for the great service. Florasy is worth much more!",
            "name_customer": "ANTHONY",
            "position": "Marketing Personal"
          }
        }
      },
      "block_order": [
        "review_jQe3nM",
        "review_jQe3nN"
      ],
      "settings": {
        "width": "box",
        "fullwidth_margin": 0,
        "reverse": false,
        "auto_play": true,
        "columns_limit": 3,
        "limit": 6,
        "gap": 30,
        "access_token": "",
        "open_mode": "newtab",
        "icon_image": "<svg xmlns=\"http://www.w3.org/2000/svg\" viewbox=\"0 0 448 512\"><path d=\"M224.1 141c-63.6 0-114.9 51.3-114.9 114.9s51.3 114.9 114.9 114.9S339 319.5 339 255.9 287.7 141 224.1 141zm0 189.6c-41.1 0-74.7-33.5-74.7-74.7s33.5-74.7 74.7-74.7 74.7 33.5 74.7 74.7-33.6 74.7-74.7 74.7zm146.4-194.3c0 14.9-12 26.8-26.8 26.8-14.9 0-26.8-12-26.8-26.8s12-26.8 26.8-26.8 26.8 12 26.8 26.8zm76.1 27.2c-1.7-35.9-9.9-67.7-36.2-93.9-26.2-26.2-58-34.4-93.9-36.2-37-2.1-147.9-2.1-184.9 0-35.8 1.7-67.6 9.9-93.9 36.1s-34.4 58-36.2 93.9c-2.1 37-2.1 147.9 0 184.9 1.7 35.9 9.9 67.7 36.2 93.9s58 34.4 93.9 36.2c37 2.1 147.9 2.1 184.9 0 35.9-1.7 67.7-9.9 93.9-36.2 26.2-26.2 34.4-58 36.2-93.9 2.1-37 2.1-147.8 0-184.8zM398.8 388c-7.8 19.6-22.9 34.7-42.6 42.6-29.5 11.7-99.5 9-132.1 9s-102.7 2.6-132.1-9c-19.6-7.8-34.7-22.9-42.6-42.6-11.7-29.5-9-99.5-9-132.1s-2.6-102.7 9-132.1c7.8-19.6 22.9-34.7 42.6-42.6 29.5-11.7 99.5-9 132.1-9s102.7-2.6 132.1 9c19.6 7.8 34.7 22.9 42.6 42.6 11.7 29.5 9 99.5 9 132.1s2.7 102.7-9 132.1z\"></path></svg>",
        "color_scheme": "",
        "background_type": "color",
        "background_color": "",
        "background_gradient": "",
        "use_parallax": true,
        "background_image_animation": "none",
        "background_video_url": "",
        "background_video_animation": "none",
        "background_overlay": "",
        "background_margin": 0,
        "padding_top": 50,
        "padding_bottom": 50
      }
    }
  },
  "order": [
    "policy-v3",
    "banner-v2",
    "product-v1",
    "banner-v3",
    "product-v2",
    "blog-v1",
    "testimonial-v2"
  ]
}
