{
  "sections": {
    "slideshow-v1": {
      "type": "slideshow-v1",
      "blocks": {
        "13926295-9e3c-41b8-a71d-a0fd2ed4e3ca": {
          "type": "slideshow",
          "settings": {
            "reverse_layout": true,
            "subtitle": "Style Destination",
            "subtitle_font_size": 1.8,
            "subtitle_font_weight": 400,
            "subtitle_animation": "fade-right",
            "title": "Basic Collection",
            "title_font_size": 8,
            "title_font_weight": 500,
            "title_animation": "fade-left",
            "description": "Create indoor jungles in low light areas with our shade tolerant houseplant collection.",
            "description_font_size": 2,
            "description_font_weight": 400,
            "description_animation": "fade-left",
            "button_text": "SHOP NOW",
            "button_link": "shopify://collections/all",
            "button_mode": "dark",
            "button_style": "secondary",
            "button_size": "sm",
            "button_radius": 0,
            "button_padding": 1.4,
            "button_animation": "fade-left",
            "device": "desktop",
            "image_desktop_animation": "none",
            "image_mobile_animation": "none",
            "color_scheme": "",
            "background_type": "image",
            "background_color": "#f7f7f7",
            "background_gradient": "",
            "background_image_desktop": "shopify://shop_images/slide2.1.jpg",
            "background_image_mobile": "shopify://shop_images/slide2.1.jpg",
            "use_parallax": false,
            "background_image_animation": "none",
            "background_video_url": "",
            "background_video_animation": "none",
            "background_overlay": "",
            "background_margin": 0
          }
        },
        "3d548e62-6820-4210-8e7a-865fb6a6505c": {
          "type": "slideshow",
          "settings": {
            "reverse_layout": true,
            "subtitle": "Style Destination",
            "subtitle_font_size": 1.8,
            "subtitle_font_weight": 400,
            "subtitle_animation": "fade-right",
            "title": "Spring Collection",
            "title_font_size": 8,
            "title_font_weight": 500,
            "title_animation": "fade-left",
            "description": "Create indoor jungles in low light areas with our shade tolerant houseplant collection.",
            "description_font_size": 2,
            "description_font_weight": 400,
            "description_animation": "fade-left",
            "button_text": "SHOP NOW",
            "button_link": "shopify://collections/all",
            "button_mode": "dark",
            "button_style": "secondary",
            "button_size": "sm",
            "button_radius": 0,
            "button_padding": 1.4,
            "button_animation": "fade-left",
            "device": "mobile",
            "image_desktop_animation": "fade-right",
            "image_mobile_animation": "fade-up",
            "color_scheme": "",
            "background_type": "image",
            "background_color": "#f7f7f7",
            "background_gradient": "",
            "background_image_desktop": "shopify://shop_images/slide2.2.jpg",
            "background_image_mobile": "shopify://shop_images/slide2.2.jpg",
            "use_parallax": false,
            "background_image_animation": "none",
            "background_video_url": "",
            "background_video_animation": "none",
            "background_overlay": "",
            "background_margin": 0
          }
        }
      },
      "block_order": [
        "13926295-9e3c-41b8-a71d-a0fd2ed4e3ca",
        "3d548e62-6820-4210-8e7a-865fb6a6505c"
      ],
      "settings": {
        "width": "wide",
        "fullwidth_margin": 0,
        "section_height_desktop": 850,
        "section_height_mobile": 500,
        "carousel_type": "none",
        "changing_speed": 400,
        "autoplay": false,
        "autoplay_speed": 5,
        "show_pagination": true,
        "padding_top": 0,
        "padding_bottom": 0
      }
    },
    "banner-v5": {
      "type": "banner-v5",
      "settings": {
        "width": "box",
        "fullwidth_margin": 0,
        "hover": "scale_up",
        "gap": 30,
        "subtitle1": "WEEKLY OFFER",
        "title1": "Up To 40% Off Asparagus Fern",
        "image1": "shopify://shop_images/banner8.3.jpg",
        "link1": "shopify://collections/all",
        "button1_text": "SHOP NOW",
        "button1_mode": "dark",
        "button1_style": "tertiary",
        "button1_size": "sm",
        "button1_radius": 0,
        "button1_padding": 1.4,
        "subtitle2": "NEW COLLECTION",
        "title2": "Kitchen Plants Boston Fern",
        "image2": "shopify://shop_images/banner8.4.jpg",
        "link2": "shopify://collections/all",
        "button2_text": "SHOP NOW",
        "button2_mode": "dark",
        "button2_style": "tertiary",
        "button2_size": "sm",
        "button2_radius": 0,
        "button2_padding": 1.4,
        "color_scheme": "background-1",
        "background_type": "color",
        "background_color": "#ffffff",
        "background_gradient": "",
        "use_parallax": true,
        "background_image_animation": "none",
        "background_video_url": "",
        "background_video_animation": "none",
        "background_overlay": "",
        "background_margin": 0,
        "padding_top": 50,
        "padding_bottom": 50
      }
    },
    "product-v2": {
      "type": "product-v2",
      "blocks": {
        "891b74ee-242f-4933-a599-7f97c2fa0139": {
          "type": "tab",
          "settings": {
            "tab_title": "NEW ARRIVALS",
            "tab_collection": "toggle-sidebar",
            "tab_limit": 8
          }
        },
        "eaf25326-2cd2-4c89-8430-3ca4518ed39f": {
          "type": "tab",
          "settings": {
            "tab_title": "BEST SELLERS",
            "tab_collection": "best-seller",
            "tab_limit": 8
          }
        },
        "5b873d26-9935-44ef-bb2e-404c70eb024e": {
          "type": "tab",
          "settings": {
            "tab_title": "TOP RATES",
            "tab_collection": "box-container",
            "tab_limit": 8
          }
        }
      },
      "block_order": [
        "891b74ee-242f-4933-a599-7f97c2fa0139",
        "eaf25326-2cd2-4c89-8430-3ca4518ed39f",
        "5b873d26-9935-44ef-bb2e-404c70eb024e"
      ],
      "settings": {
        "width": "box",
        "fullwidth_margin": 0,
        "heading_title": "Our Best Seller",
        "heading_align": "center",
        "columns_size": 4,
        "distinct_color_scheme": false,
        "product_card_color_scheme": "",
        "button_text": "",
        "button_link": "shopify://collections/all",
        "button_mode": "light",
        "button_style": "primary",
        "button_size": "sm",
        "button_radius": 0.8,
        "button_padding": 1.4,
        "color_scheme": "",
        "background_type": "color",
        "background_color": "",
        "background_gradient": "",
        "use_parallax": true,
        "background_image_animation": "none",
        "background_video_url": "",
        "background_video_animation": "none",
        "background_overlay": "",
        "background_margin": 0,
        "padding_top": 50,
        "padding_bottom": 50
      }
    },
    "banner-v7": {
      "type": "banner-v7",
      "settings": {
        "width": "box",
        "fullwidth_margin": 0,
        "hover": "scale_up",
        "gap": 30,
        "subtitle1": "",
        "title1": "Plant Indoor",
        "image1": "shopify://shop_images/banner3.1.jpg",
        "link1": "shopify://collections/all",
        "button1_text": "View more",
        "button1_mode": "dark",
        "button1_style": "link",
        "button1_size": "sm",
        "button1_radius": 0.8,
        "button1_padding": 1.4,
        "subtitle2": "",
        "title2": "Decor Plant",
        "image2": "shopify://shop_images/banner3.2.jpg",
        "link2": "shopify://collections/all",
        "button2_text": "View more",
        "button2_mode": "dark",
        "button2_style": "link",
        "button2_size": "sm",
        "button2_radius": 0.8,
        "button2_padding": 1.4,
        "subtitle3": "",
        "title3": "Art Plants",
        "image3": "shopify://shop_images/banner3.3.jpg",
        "link3": "shopify://collections/all",
        "button3_text": "View more",
        "button3_mode": "dark",
        "button3_style": "link",
        "button3_size": "sm",
        "button3_radius": 0.8,
        "button3_padding": 1.4,
        "color_scheme": "background-1",
        "background_type": "color",
        "background_color": "",
        "background_gradient": "",
        "use_parallax": true,
        "background_image_animation": "none",
        "background_video_url": "",
        "background_video_animation": "none",
        "background_overlay": "",
        "background_margin": 0,
        "padding_top": 0,
        "padding_bottom": 50
      }
    },
    "product-v1": {
      "type": "product-v1",
      "settings": {
        "width": "box",
        "fullwidth_margin": 0,
        "subtitle": "Best Seller Product This Week!",
        "title": "Best Seller",
        "collection": "collection-title-style-03",
        "limit": 12,
        "columns_size": 4,
        "distinct_color_scheme": false,
        "product_card_color_scheme": "",
        "color_scheme": "",
        "background_type": "color",
        "background_color": "",
        "background_gradient": "",
        "use_parallax": true,
        "background_image_animation": "none",
        "background_video_url": "",
        "background_video_animation": "none",
        "background_overlay": "",
        "background_margin": 0,
        "padding_top": 50,
        "padding_bottom": 50
      }
    },
    "blog-v1": {
      "type": "blog-v1",
      "settings": {
        "width": "box",
        "fullwidth_margin": 0,
        "title": "Our Blog",
        "blog": "left-sidebar",
        "articles_limit": 8,
        "columns_limit": 3,
        "gap": 30,
        "auto_play": false,
        "hover": "scale_up",
        "aspect_ratio": "1/1",
        "button_text": "Read more",
        "color_scheme": "",
        "background_type": "color",
        "background_color": "",
        "background_gradient": "",
        "use_parallax": true,
        "background_image_animation": "none",
        "background_video_url": "",
        "background_video_animation": "none",
        "background_overlay": "",
        "background_margin": 0,
        "padding_top": 50,
        "padding_bottom": 50
      }
    },
    "instagram-v2": {
      "type": "instagram-v2",
      "settings": {
        "width": "box",
        "fullwidth_margin": 0,
        "icon_heading": "",
        "title": "Florasy On Instagram",
        "subtitle": "#florasy",
        "columns_limit": 5,
        "limit": 5,
        "gap": 10,
        "access_token": "",
        "open_mode": "newtab",
        "icon_image": "<svg xmlns=\"http://www.w3.org/2000/svg\" viewbox=\"0 0 448 512\"><path d=\"M224.1 141c-63.6 0-114.9 51.3-114.9 114.9s51.3 114.9 114.9 114.9S339 319.5 339 255.9 287.7 141 224.1 141zm0 189.6c-41.1 0-74.7-33.5-74.7-74.7s33.5-74.7 74.7-74.7 74.7 33.5 74.7 74.7-33.6 74.7-74.7 74.7zm146.4-194.3c0 14.9-12 26.8-26.8 26.8-14.9 0-26.8-12-26.8-26.8s12-26.8 26.8-26.8 26.8 12 26.8 26.8zm76.1 27.2c-1.7-35.9-9.9-67.7-36.2-93.9-26.2-26.2-58-34.4-93.9-36.2-37-2.1-147.9-2.1-184.9 0-35.8 1.7-67.6 9.9-93.9 36.1s-34.4 58-36.2 93.9c-2.1 37-2.1 147.9 0 184.9 1.7 35.9 9.9 67.7 36.2 93.9s58 34.4 93.9 36.2c37 2.1 147.9 2.1 184.9 0 35.9-1.7 67.7-9.9 93.9-36.2 26.2-26.2 34.4-58 36.2-93.9 2.1-37 2.1-147.8 0-184.8zM398.8 388c-7.8 19.6-22.9 34.7-42.6 42.6-29.5 11.7-99.5 9-132.1 9s-102.7 2.6-132.1-9c-19.6-7.8-34.7-22.9-42.6-42.6-11.7-29.5-9-99.5-9-132.1s-2.6-102.7 9-132.1c7.8-19.6 22.9-34.7 42.6-42.6 29.5-11.7 99.5-9 132.1-9s102.7-2.6 132.1 9c19.6 7.8 34.7 22.9 42.6 42.6 11.7 29.5 9 99.5 9 132.1s2.7 102.7-9 132.1z\"></path></svg>",
        "color_scheme": "",
        "background_type": "color",
        "background_color": "",
        "background_gradient": "",
        "background_margin": 0,
        "padding_top": 50,
        "padding_bottom": 50
      }
    }
  },
  "order": [
    "slideshow-v1",
    "banner-v5",
    "product-v2",
    "banner-v7",
    "product-v1",
    "blog-v1",
    "instagram-v2"
  ]
}
